APTITUD_PI,NOM_DEP,NOM_PROV,NOM_DIST,SUPERFICIE_HA
PROTECCION,CAJAMARCA,CONTUMAZA,CONTUMAZA,15782.3485
PECUARIO,HUANUCO,LEONCIO PRADO,JOSE CRESPO Y CASTILLO,10.94724261
OTROS / SIN CLASIFICAR,JUNIN,CHANCHAMAYO,VITOC,56.41342214
FORESTAL PRODUCTIVO,CAJAMARCA,CHOTA,CHOROPAMPA,10821.39584
PROTECCION,CAJAMARCA,JAEN,CHONTALI,24005.73752
AGRICOLA,JUNIN,HUANCAYO,QUICHUAY,467.0651269
PROTECCION,JUNIN,YAULI,CHACAPALPA,13474.10798
PROTECCION,CAJAMARCA,CELENDIN,CHUMUCH,18716.25606
AGRICOLA,ANCASH,SANTA,MORO,1536.239832
FORESTAL PRODUCTIVO,HUANUCO,HUACAYBAMBA,COCHABAMBA,8228.924498
AGRICOLA,HUANUCO,LEONCIO PRADO,JOSE CRESPO Y CASTILLO,25313.41128
PROTECCION,ANCASH,YUNGAY,MANCOS,4636.774808
AGRICOLA,SAN MARTIN,MOYOBAMBA,SORITOR,455.8798798
PECUARIO,CAJAMARCA,CAJAMARCA,NAMORA,2410.092936
FORESTAL PRODUCTIVO,ANCASH,HUARI,HUANTAR,5003.881827
PROTECCION,ANCASH,HUAYLAS,YURACMARCA,54722.59546
FORESTAL PRODUCTIVO,CAJAMARCA,CELENDIN,SOROCHUCO,3496.057414
PROTECCION,ANCASH,ANTONIO RAYMONDI,CHINGAS,1673.283194
PROTECCION,HUANUCO,HUANUCO,QUISQUI (KICHKI),4089.848184
PROTECCION,CAJAMARCA,SAN MARCOS,CHANCAY,4583.789608
PECUARIO,HUANUCO,AMBO,CONCHAMARCA,11.36330339
PROTECCION,HUANUCO,HUANUCO,SAN FRANCISCO DE CAYRAN,7584.444832
AGRICOLA,CAJAMARCA,CUTERVO,SAN ANDRES DE CUTERVO,30.707874
AGRICOLA,CAJAMARCA,CELENDIN,HUASMIN,852.8420305
FORESTAL PRODUCTIVO,ANCASH,HUARI,CHAVIN DE HUANTAR,6760.781056
PECUARIO,CAJAMARCA,CAJAMARCA,SAN JUAN,3422.68529
PROTECCION,ANCASH,HUARI,PAUCAS,10778.20618
PECUARIO,CAJAMARCA,SAN MIGUEL,CATILLUC,14149.06515
FORESTAL PRODUCTIVO,JUNIN,SATIPO,RIO TAMBO,122093.7707
FORESTAL PRODUCTIVO,CAJAMARCA,CAJAMARCA,MATARA,931.1389383
PROTECCION,ANCASH,SANTA,NEPEÑA,34095.47454
AGRICOLA,CAJAMARCA,JAEN,SAN FELIPE,842.5554585
PROTECCION,SAN MARTIN,MOYOBAMBA,JEPELACIO,221.6809014
PROTECCION,ANCASH,HUAYLAS,SANTA CRUZ,35936.53842
AGRICOLA,JUNIN,JAUJA,YAULI,1006.346618
PROTECCION,JUNIN,JAUJA,YAULI,5305.962942
OTROS / SIN CLASIFICAR,HUANUCO,MARAÑON,CHOLON,459.4025194
AGRICOLA,JUNIN,CHUPACA,SAN JUAN DE ISCOS,744.5693605
PECUARIO,HUANUCO,HUANUCO,QUISQUI (KICHKI),7016.042172
OTROS / SIN CLASIFICAR,HUANUCO,PACHITEA,MOLINO,36.84388553
AGRICOLA,ANCASH,YUNGAY,SHUPLUY,1075.122097
PROTECCION,HUANUCO,HUANUCO,SANTA MARIA DEL VALLE,16199.1618
PECUARIO,CAJAMARCA,SANTA CRUZ,SAUCEPAMPA,72.89004911
AGRICOLA,CAJAMARCA,HUALGAYOC,HUALGAYOC,147.0934893
PROTECCION,JUNIN,JAUJA,MASMA,337.8695321
OTROS / SIN CLASIFICAR,HUANUCO,PUERTO INCA,TOURNAVISTA,2212.309548
FORESTAL PRODUCTIVO,ANCASH,RECUAY,PAMPAS CHICO,2509.117694
AGRICOLA,CAJAMARCA,SANTA CRUZ,PULAN,9.280970613
FORESTAL PRODUCTIVO,ANCASH,PALLASCA,CONCHUCOS,6055.962102
AGRICOLA,CAJAMARCA,CHOTA,CHIGUIRIP,63.89771958
AGRICOLA,CAJAMARCA,CONTUMAZA,SANTA CRUZ DE TOLED,2.655262219
FORESTAL PRODUCTIVO,SAN MARTIN,SAN MARTIN,SAN ANTONIO,4004.001142
AGRICOLA,JUNIN,CHUPACA,HUACHAC,1942.079017
AGRICOLA,JUNIN,HUANCAYO,EL TAMBO,3969.979051
AGRICOLA,SAN MARTIN,SAN MARTIN,CACATACHI,342.6390788
AGRICOLA,SAN MARTIN,EL DORADO,AGUA BLANCA,38.06655253
PROTECCION,CAJAMARCA,CUTERVO,CUJILLO,5277.852939
PROTECCION,JUNIN,CONCEPCION,SAN JOSE DE QUERO,618.7838074
FORESTAL PRODUCTIVO,SAN MARTIN,EL DORADO,AGUA BLANCA,15171.57934
AGRICOLA,JUNIN,CONCEPCION,SANTA ROSA DE OCOPA,722.3223375
FORESTAL PRODUCTIVO,CAJAMARCA,CHOTA,PION,3060.296646
PECUARIO,JUNIN,YAULI,SUITUCANCHA,10830.8359
PROTECCION,HUANUCO,HUACAYBAMBA,CANCHABAMBA,1416.64741
PECUARIO,JUNIN,CONCEPCION,ORCOTUNA,869.8871419
PROTECCION,ANCASH,HUARMEY,HUAYAN,10404.45097
PROTECCION,HUANUCO,PUERTO INCA,HONORIA,10445.53101
FORESTAL PRODUCTIVO,ANCASH,BOLOGNESI,ABELARDO PARDO LEZAMETA,243.5736958
PROTECCION,JUNIN,JAUJA,APATA,30902.05362
FORESTAL PRODUCTIVO,HUANUCO,LEONCIO PRADO,LUYANDO,1673.532395
FORESTAL PRODUCTIVO,SAN MARTIN,HUALLAGA,TINGO DE SAPOSOA,4198.867647
OTROS / SIN CLASIFICAR,HUANUCO,AMBO,AMBO,22.73489467
PROTECCION,SAN MARTIN,TOCACHE,SANTA LUCIA,142.8202026
AGRICOLA,JUNIN,HUANCAYO,COLCA,3404.80504
PROTECCION,SAN MARTIN,LAMAS,TABALOSOS,65.59183149
FORESTAL PRODUCTIVO,HUANUCO,HUAMALIES,JIRCAN,9.2231E-06
PECUARIO,JUNIN,JAUJA,POMACANCHA,19520.53535
PROTECCION,ANCASH,POMABAMBA,PAROBAMBA,13149.47275
FORESTAL PRODUCTIVO,ANCASH,POMABAMBA,PAROBAMBA,7794.916261
FORESTAL PRODUCTIVO,SAN MARTIN,LAMAS,RUMISAPA,3320.203029
FORESTAL PRODUCTIVO,SAN MARTIN,RIOJA,AWAJUN,32251.50269
AGRICOLA,SAN MARTIN,MOYOBAMBA,YANTALO,231.1617701
FORESTAL PRODUCTIVO,HUANUCO,HUAMALIES,ARANCAY,1.08938E-05
FORESTAL PRODUCTIVO,CAJAMARCA,CHOTA,TACABAMBA,11057.09148
FORESTAL PRODUCTIVO,CAJAMARCA,HUALGAYOC,HUALGAYOC,5096.600568
PECUARIO,JUNIN,JAUJA,PACA,1265.664719
PROTECCION,HUANUCO,DOS DE MAYO,MARIAS,91.35019647
AGRICOLA,CAJAMARCA,CUTERVO,SANTO TOMAS,1070.680703
PECUARIO,HUANUCO,MARAÑON,CHOLON,7282.689803
AGRICOLA,SAN MARTIN,RIOJA,NUEVA CAJAMARCA,796.8369862
AGRICOLA,SAN MARTIN,BELLAVISTA,ALTO BIAVO,427.9683991
AGRICOLA,SAN MARTIN,HUALLAGA,EL ESLABON,120.0036318
PROTECCION,MADRE DE DIOS,MANU,MADRE DE DIOS,400655.6116
OTROS / SIN CLASIFICAR,HUANUCO,HUANUCO,CHURUBAMBA,111.4810877
AGRICOLA,CAJAMARCA,CAJAMARCA,LOS BAÑOS DEL INCA,4336.46555
PROTECCION,SAN MARTIN,BELLAVISTA,ALTO BIAVO,377047.5957
PECUARIO,JUNIN,JAUJA,JANJAILLO,898.1231241
PROTECCION,ANCASH,HUARI,CAJAY,12102.38843
PROTECCION,HUANUCO,LAURICOCHA,RONDOS,5.41137E-06
AGRICOLA,JUNIN,JAUJA,HUERTAS,1204.969783
AGRICOLA,CAJAMARCA,CUTERVO,CALLAYUC,513.6095469
PECUARIO,JUNIN,TARMA,ACOBAMBA,4233.688093
AGRICOLA,SAN MARTIN,LAMAS,PINTO RECODO,76.37405987
PECUARIO,JUNIN,JAUJA,ACOLLA,7739.626783
OTROS / SIN CLASIFICAR,JUNIN,CONCEPCION,ORCOTUNA,130.3597957
PECUARIO,CAJAMARCA,CAJAMARCA,MATARA,1048.070824
PROTECCION,JUNIN,HUANCAYO,HUALHUAS,0.436864308
AGRICOLA,HUANUCO,HUANUCO,SANTA MARIA DEL VALLE,4866.498302
PECUARIO,JUNIN,JAUJA,MOLINOS,6010.817489
PROTECCION,JUNIN,HUANCAYO,QUILCAS,3361.458947
PROTECCION,JUNIN,SATIPO,VIZCATÁN DEL ENE,56480.04345
AGRICOLA,HUANUCO,LEONCIO PRADO,HERMILIO VALDIZAN,3346.367945
AGRICOLA,CAJAMARCA,CELENDIN,CHUMUCH,170.3930364
FORESTAL PRODUCTIVO,SAN MARTIN,TOCACHE,SHUNTE,32575.74799
AGRICOLA,CAJAMARCA,SAN IGNACIO,SAN IGNACIO,19422.84348
OTROS / SIN CLASIFICAR,JUNIN,JAUJA,HUARIPAMPA,57.51757244
PROTECCION,HUANUCO,LAURICOCHA,JIVIA,2.161451571
PROTECCION,ANCASH,HUARI,ANRA,2980.12238
PROTECCION,CAJAMARCA,JAEN,POMAHUACA,18543.88032
AGRICOLA,CAJAMARCA,SAN MARCOS,JOSE SABOGAL,2291.312801
PROTECCION,CAJAMARCA,CUTERVO,CHOROS,14360.04682
FORESTAL PRODUCTIVO,CAJAMARCA,SAN MIGUEL,LA FLORIDA,2.467127933
PROTECCION,CAJAMARCA,CHOTA,ANGUIA,5914.990168
OTROS / SIN CLASIFICAR,SAN MARTIN,TOCACHE,UCHIZA,87.20805244
FORESTAL PRODUCTIVO,CAJAMARCA,CAJABAMBA,CAJABAMBA,6986.162075
PROTECCION,SAN MARTIN,HUALLAGA,ALTO SAPOSOA,3018.452294
AGRICOLA,CAJAMARCA,CELENDIN,OXAMARCA,374.619742
PROTECCION,SAN MARTIN,MOYOBAMBA,HABANA,0.942648815
PROTECCION,SAN MARTIN,MOYOBAMBA,YANTALO,15.85053641
FORESTAL PRODUCTIVO,ANCASH,CARHUAZ,CARHUAZ,5357.359864
FORESTAL PRODUCTIVO,CAJAMARCA,SAN MIGUEL,NIEPOS,8343.121484
AGRICOLA,HUANUCO,HUANUCO,HUANUCO,1207.188219
FORESTAL PRODUCTIVO,HUANUCO,YAROWILCA,APARICIO POMARES,0.869914888
FORESTAL PRODUCTIVO,ANCASH,MARISCAL LUZURIAGA,CASCA,4197.510373
AGRICOLA,CAJAMARCA,CUTERVO,QUEROCOTILLO,1096.996353
PROTECCION,JUNIN,TARMA,LA UNION,8964.498469
FORESTAL PRODUCTIVO,CAJAMARCA,SANTA CRUZ,LA ESPERANZA,5852.738731
PROTECCION,ANCASH,CARHUAZ,MARCARA,15545.3261
FORESTAL PRODUCTIVO,CAJAMARCA,SAN IGNACIO,TABACONAS,39765.5316
PECUARIO,JUNIN,JAUJA,SAUSA,92.80390005
AGRICOLA,HUANUCO,LEONCIO PRADO,PUEBLO NUEVO,12215.14089
PROTECCION,ANCASH,RECUAY,PAMPAS CHICO,7309.419889
AGRICOLA,JUNIN,SATIPO,MAZAMARI,9406.586242
FORESTAL PRODUCTIVO,SAN MARTIN,MOYOBAMBA,SORITOR,57683.79911
AGRICOLA,ANCASH,AIJA,HUACLLAN,2911.27951
PROTECCION,ANCASH,POMABAMBA,QUINUABAMBA,6845.296814
PROTECCION,ANCASH,HUARMEY,CULEBRAS,59656.90436
PROTECCION,JUNIN,JAUJA,MASMA CHICCHE,863.0392402
PROTECCION,HUANUCO,PACHITEA,UMARI,7289.336453
PROTECCION,ANCASH,RECUAY,MARCA,11568.43091
PECUARIO,JUNIN,JAUJA,HUAMALI,421.5252774
PROTECCION,SAN MARTIN,RIOJA,AWAJUN,17655.0746
FORESTAL PRODUCTIVO,CAJAMARCA,CUTERVO,SANTO DOMINGO DE LA CAPILLA,4932.661644
PROTECCION,MADRE DE DIOS,MANU,HUEPETUHE,74682.2374
FORESTAL PRODUCTIVO,CAJAMARCA,CAJABAMBA,CONDEBAMBA,3454.676649
PECUARIO,ANCASH,CORONGO,CORONGO,1122.108238
PROTECCION,CAJAMARCA,SAN MIGUEL,SAN GREGORIO,15126.15307
FORESTAL PRODUCTIVO,ANCASH,OCROS,CAJAMARQUILLA,11.15487265
FORESTAL PRODUCTIVO,SAN MARTIN,TOCACHE,UCHIZA,48848.47458
PROTECCION,PASCO,DANIEL ALCIDES CARRION,CHACAYAN,5969.05169
PROTECCION,ANCASH,AIJA,LA MERCED,12848.79922
PECUARIO,JUNIN,CHUPACA,YANACANCHA,69564.38415
FORESTAL PRODUCTIVO,ANCASH,HUARI,CAJAY,4442.468902
AGRICOLA,HUANUCO,AMBO,CONCHAMARCA,19.2706261
PECUARIO,CAJAMARCA,SAN MIGUEL,LLAPA,12069.34037
FORESTAL PRODUCTIVO,PASCO,OXAPAMPA,PALCAZU,35551.15674
PECUARIO,HUANUCO,HUANUCO,SAN PABLO DE PILLAO,6775.592651
AGRICOLA,JUNIN,HUANCAYO,HUACRAPUQUIO,628.460059
AGRICOLA,JUNIN,YAULI,YAULI,63.4858166
FORESTAL PRODUCTIVO,ANCASH,CARHUAZ,ANTA,1934.420126
AGRICOLA,CAJAMARCA,CHOTA,PION,23.44313126
AGRICOLA,CAJAMARCA,JAEN,JAEN,13750.21141
AGRICOLA,JUNIN,YAULI,SUITUCANCHA,9.935925452
FORESTAL PRODUCTIVO,CAJAMARCA,CAJABAMBA,SITACOCHA,3742.422134
AGRICOLA,JUNIN,JAUJA,CANCHAYLLO,254.8818145
AGRICOLA,CAJAMARCA,CUTERVO,SAN LUIS DE LUCMA,19.71938462
AGRICOLA,JUNIN,CONCEPCION,ORCOTUNA,3503.329179
PROTECCION,JUNIN,HUANCAYO,CARHUACALLANGA,498.3762545
AGRICOLA,HUANUCO,MARAÑON,LA MORADA,14317.82189
PROTECCION,HUANUCO,LAURICOCHA,BAÑOS,160.8460724
PROTECCION,JUNIN,JAUJA,POMACANCHA,7854.814591
PROTECCION,SAN MARTIN,RIOJA,YORONGOS,1223.702709
PROTECCION,JUNIN,CONCEPCION,COCHAS,10076.28359
PROTECCION,JUNIN,CONCEPCION,MARISCAL CASTILLA,4971.697115
FORESTAL PRODUCTIVO,SAN MARTIN,RIOJA,ELIAS SOPLIN VARGAS,9299.792897
OTROS / SIN CLASIFICAR,HUANUCO,HUACAYBAMBA,CANCHABAMBA,2.944831208
PROTECCION,CAJAMARCA,CAJAMARCA,LOS BAÑOS DEL INCA,3415.68226
PROTECCION,ANCASH,CARHUAZ,PARIAHUANCA,1192.496094
PROTECCION,HUANUCO,HUANUCO,YARUMAYO,2074.794279
FORESTAL PRODUCTIVO,SAN MARTIN,SAN MARTIN,MORALES,4304.321397
PROTECCION,CAJAMARCA,SAN MIGUEL,SAN MIGUEL,10635.1699
PECUARIO,HUANUCO,HUANUCO,PILLCO MARCA,1146.823291
PROTECCION,JUNIN,SATIPO,PANGOA,337928.2723
PROTECCION,ANCASH,CORONGO,YANAC,4680.166387
PROTECCION,CAJAMARCA,CAJAMARCA,ASUNCION,4393.508855
AGRICOLA,ANCASH,CARHUAZ,TINCO,680.3026846
PROTECCION,ANCASH,HUARAZ,PARIACOTO,16368.97409
PECUARIO,CAJAMARCA,SAN MIGUEL,SAN MIGUEL,8349.745795
PROTECCION,CAJAMARCA,SAN IGNACIO,CHIRINOS,9239.51823
FORESTAL PRODUCTIVO,ANCASH,BOLOGNESI,CHIQUIAN,5059.333746
FORESTAL PRODUCTIVO,CAJAMARCA,SAN MARCOS,EDUARDO VILLANUEVA,102.1530706
AGRICOLA,ANCASH,HUAYLAS,MATO,508.4541749
AGRICOLA,ANCASH,HUAYLAS,PUEBLO LIBRE,1082.977864
PECUARIO,CAJAMARCA,CONTUMAZA,CONTUMAZA,16952.09152
FORESTAL PRODUCTIVO,CAJAMARCA,SAN MARCOS,PEDRO GALVEZ,6467.725195
PROTECCION,JUNIN,JAUJA,ACOLLA,1445.459339
FORESTAL PRODUCTIVO,CAJAMARCA,SANTA CRUZ,PULAN,5141.623051
OTROS / SIN CLASIFICAR,HUANUCO,PACHITEA,UMARI,1.071308425
AGRICOLA,CAJAMARCA,SANTA CRUZ,SAUCEPAMPA,780.4904191
FORESTAL PRODUCTIVO,CAJAMARCA,SAN IGNACIO,HUARANGO,32318.78534
FORESTAL PRODUCTIVO,PASCO,PASCO,NINACACA,19211.10129
FORESTAL PRODUCTIVO,PASCO,OXAPAMPA,POZUZO,124.7647554
OTROS / SIN CLASIFICAR,ANCASH,POMABAMBA,PAROBAMBA,27.44644345
PECUARIO,PASCO,PASCO,NINACACA,10488.00493
FORESTAL PRODUCTIVO,SAN MARTIN,TOCACHE,POLVORA,102261.0856
FORESTAL PRODUCTIVO,ANCASH,HUARAZ,OLLEROS,1286.280226
AGRICOLA,CAJAMARCA,CUTERVO,SANTO DOMINGO DE LA CAPILLA,25.84144048
FORESTAL PRODUCTIVO,CAJAMARCA,SAN MIGUEL,EL PRADO,2401.66912
PROTECCION,CAJAMARCA,CAJAMARCA,NAMORA,2021.111217
FORESTAL PRODUCTIVO,MADRE DE DIOS,TAHUAMANU,TAHUAMANU,310455.3658
FORESTAL PRODUCTIVO,CAJAMARCA,CUTERVO,QUEROCOTILLO,2330.439236
PROTECCION,CAJAMARCA,SAN IGNACIO,NAMBALLE,34754.99271
PROTECCION,ANCASH,BOLOGNESI,MANGAS,4530.311261
AGRICOLA,JUNIN,TARMA,TAPO,19.11948101
PECUARIO,PASCO,DANIEL ALCIDES CARRION,VILCABAMBA,1593.168472
PECUARIO,JUNIN,JAUJA,JAUJA,186.4964426
PECUARIO,CAJAMARCA,CELENDIN,HUASMIN,27190.18685
PECUARIO,JUNIN,TARMA,TAPO,8810.941103
FORESTAL PRODUCTIVO,SAN MARTIN,LAMAS,BARRANQUITA,79754.20218
PROTECCION,HUANUCO,HUACAYBAMBA,HUACAYBAMBA,33245.10352
PROTECCION,ANCASH,ANTONIO RAYMONDI,LLAMELLIN,7408.729769
AGRICOLA,CAJAMARCA,CELENDIN,SUCRE,21.44266197
AGRICOLA,JUNIN,CHUPACA,TRES DE DICIEMBRE,1144.24888
PROTECCION,HUANUCO,PUERTO INCA,YUYAPICHIS,48608.27587
PECUARIO,CAJAMARCA,CHOTA,ANGUIA,1073.349477
PECUARIO,JUNIN,JAUJA,APATA,8841.039521
FORESTAL PRODUCTIVO,HUANUCO,AMBO,SAN FRANCISCO,7.52762E-06
AGRICOLA,JUNIN,YAULI,LA OROYA,1585.644218
PROTECCION,JUNIN,TARMA,PALCA,24606.39866
FORESTAL PRODUCTIVO,ANCASH,PALLASCA,TAUCA,6001.167989
PECUARIO,CAJAMARCA,JAEN,JAEN,2874.854101
PROTECCION,SAN MARTIN,TOCACHE,TOCACHE,6029.55808
PROTECCION,CAJAMARCA,CAJAMARCA,COSPAN,22495.90482
PROTECCION,HUANUCO,AMBO,COLPAS,16.45570338
FORESTAL PRODUCTIVO,SAN MARTIN,PICOTA,BUENOS AIRES,30497.37907
PROTECCION,ANCASH,YUNGAY,RANRAHIRCA,1564.736532
FORESTAL PRODUCTIVO,CAJAMARCA,CAJAMARCA,ENCAÑADA,8364.119345
PROTECCION,PASCO,PASCO,NINACACA,24155.70469
PECUARIO,PASCO,DANIEL ALCIDES CARRION,CHACAYAN,7124.415244
PECUARIO,MADRE DE DIOS,MANU,MADRE DE DIOS,4294.815105
FORESTAL PRODUCTIVO,CAJAMARCA,CAJAMARCA,COSPAN,11062.95629
PROTECCION,JUNIN,CHANCHAMAYO,CHANCHAMAYO,69781.72868
FORESTAL PRODUCTIVO,MADRE DE DIOS,MANU,MADRE DE DIOS,242000.2895
FORESTAL PRODUCTIVO,SAN MARTIN,PICOTA,PILLUANA,6626.647507
AGRICOLA,SAN MARTIN,LAMAS,CUÑUMBUQUI,96.85590163
AGRICOLA,HUANUCO,LEONCIO PRADO,SANTO DOMINGO DE ANDA,8320.031521
PROTECCION,ANCASH,HUAYLAS,PAMPAROMAS,50010.06595
FORESTAL PRODUCTIVO,JUNIN,CHANCHAMAYO,PERENE,5.54014E-06
PROTECCION,CAJAMARCA,CUTERVO,SAN LUIS DE LUCMA,3493.201234
PROTECCION,SAN MARTIN,SAN MARTIN,SHAPAJA,5981.591207
FORESTAL PRODUCTIVO,SAN MARTIN,BELLAVISTA,SAN RAFAEL,9017.249513
PECUARIO,MADRE DE DIOS,MANU,MANU,2332.559031
AGRICOLA,CAJAMARCA,CAJAMARCA,NAMORA,3133.839726
AGRICOLA,JUNIN,JAUJA,LLOCLLAPAMPA,542.6853919
OTROS / SIN CLASIFICAR,HUANUCO,HUANUCO,SANTA MARIA DEL VALLE,261.8113584
FORESTAL PRODUCTIVO,ANCASH,MARISCAL LUZURIAGA,MUSGA,2446.650299
AGRICOLA,JUNIN,HUANCAYO,VIQUES,517.8596579
AGRICOLA,CAJAMARCA,CONTUMAZA,TANTARICA,226.9734153
PROTECCION,ANCASH,MARISCAL LUZURIAGA,PISCOBAMBA,1888.95877
PROTECCION,ANCASH,HUARI,HUACACHI,521.1502087
AGRICOLA,SAN MARTIN,SAN MARTIN,SHAPAJA,402.1491916
PROTECCION,PASCO,OXAPAMPA,CONSTITUCION,212215.235
PECUARIO,PASCO,OXAPAMPA,CONSTITUCION,7160.950817
PROTECCION,ANCASH,BOLOGNESI,CAJACAY,13313.1087
AGRICOLA,JUNIN,JAUJA,MARCO,1183.149582
AGRICOLA,CAJAMARCA,SAN IGNACIO,HUARANGO,27444.89052
PROTECCION,HUANUCO,MARAÑON,HUACRACHUCO,34478.46111
PECUARIO,CAJAMARCA,CAJAMARCA,LOS BAÑOS DEL INCA,6083.528109
FORESTAL PRODUCTIVO,CAJAMARCA,CHOTA,MIRACOSTA,11995.2235
FORESTAL PRODUCTIVO,CAJAMARCA,CUTERVO,SAN JUAN DE CUTERVO,2354.056735
PROTECCION,SAN MARTIN,PICOTA,TRES UNIDOS,2506.001079
PROTECCION,ANCASH,BOLOGNESI,TICLLOS,6575.545257
PECUARIO,JUNIN,HUANCAYO,EL TAMBO,9269.583332
PECUARIO,JUNIN,JUNIN,CARHUAMAYO,12529.93573
PECUARIO,CAJAMARCA,HUALGAYOC,BAMBAMARCA,28733.4784
PROTECCION,CAJAMARCA,JAEN,SAN JOSE DEL ALTO,9987.230261
PECUARIO,HUANUCO,HUANUCO,SAN PEDRO DE CHAULAN,14121.62192
AGRICOLA,CAJAMARCA,CELENDIN,UTCO,1221.322819
AGRICOLA,SAN MARTIN,BELLAVISTA,HUALLAGA,133.9284954
FORESTAL PRODUCTIVO,PASCO,DANIEL ALCIDES CARRION,SAN PEDRO DE PILLAO,2432.493171
PROTECCION,ANCASH,RECUAY,HUAYLLAPAMPA,9365.200377
PECUARIO,CAJAMARCA,SAN MARCOS,JOSE MANUEL QUIROZ,2681.548886
PROTECCION,CAJAMARCA,SAN PABLO,SAN BERNARDINO,15582.37508
PROTECCION,ANCASH,CARLOS FERMIN FITZCARRALD,SAN LUIS,15542.65809
PROTECCION,JUNIN,JAUJA,HUARIPAMPA,100.7221311
OTROS / SIN CLASIFICAR,HUANUCO,LEONCIO PRADO,LUYANDO,530.6768088
FORESTAL PRODUCTIVO,ANCASH,BOLOGNESI,LA PRIMAVERA,4684.753207
AGRICOLA,ANCASH,SANTA,CHIMBOTE,22848.47819
PROTECCION,JUNIN,TARMA,TARMA,32248.74931
AGRICOLA,HUANUCO,MARAÑON,CHOLON,10446.58675
PECUARIO,JUNIN,CHANCHAMAYO,CHANCHAMAYO,797.4670774
AGRICOLA,CAJAMARCA,CHOTA,LLAMA,3839.04973
PROTECCION,JUNIN,HUANCAYO,INGENIO,1504.006347
AGRICOLA,CAJAMARCA,CHOTA,CHOTA,5891.219787
PROTECCION,ANCASH,YUNGAY,YANAMA,18629.17564
PROTECCION,CAJAMARCA,CHOTA,PION,10776.01158
PROTECCION,CAJAMARCA,CELENDIN,LA LIBERTAD DE PALLAN,1325.732877
AGRICOLA,SAN MARTIN,PICOTA,SAN HILARION,368.8947763
FORESTAL PRODUCTIVO,CAJAMARCA,JAEN,JAEN,8407.852719
FORESTAL PRODUCTIVO,PASCO,PASCO,HUAYLLAY,27995.09201
PROTECCION,MADRE DE DIOS,MANU,FITZCARRALD,872396.5771
PROTECCION,ANCASH,SANTA,CHIMBOTE,121609.4355
PROTECCION,SAN MARTIN,RIOJA,RIOJA,2900.592037
PECUARIO,CAJAMARCA,CELENDIN,JOSE GALVEZ,988.8554225
AGRICOLA,JUNIN,HUANCAYO,CHILCA,1542.306963
FORESTAL PRODUCTIVO,ANCASH,CARHUAZ,YUNGAR,1951.940202
PROTECCION,PASCO,DANIEL ALCIDES CARRION,VILCABAMBA,5587.804311
AGRICOLA,SAN MARTIN,MARISCAL CACERES,PACHIZA,673.7404537
FORESTAL PRODUCTIVO,CAJAMARCA,CHOTA,CHIMBAN,12073.40421
PECUARIO,HUANUCO,PUERTO INCA,TOURNAVISTA,2042.513945
FORESTAL PRODUCTIVO,SAN MARTIN,MARISCAL CACERES,CAMPANILLA,161505.5024
AGRICOLA,CAJAMARCA,CHOTA,LAJAS,1856.042974
AGRICOLA,JUNIN,CHANCHAMAYO,VITOC,928.2617818
PROTECCION,MADRE DE DIOS,TAHUAMANU,IÑAPARI,788147.8494
PROTECCION,JUNIN,CHANCHAMAYO,VITOC,38349.80909
PECUARIO,CAJAMARCA,SAN IGNACIO,CHIRINOS,5197.269657
AGRICOLA,JUNIN,SATIPO,COVIRIALI,1320.533761
FORESTAL PRODUCTIVO,SAN MARTIN,SAN MARTIN,EL PORVENIR,40853.17573
AGRICOLA,JUNIN,CONCEPCION,MITO,1285.990072
PROTECCION,CAJAMARCA,SAN IGNACIO,HUARANGO,5773.161046
AGRICOLA,JUNIN,SATIPO,VIZCATÁN DEL ENE,2913.557149
PROTECCION,SAN MARTIN,SAN MARTIN,SAN ANTONIO,3826.433405
PROTECCION,HUANUCO,LEONCIO PRADO,DANIEL ALOMIA ROBLES,367.2686913
PROTECCION,ANCASH,MARISCAL LUZURIAGA,LUCMA,2081.037793
AGRICOLA,SAN MARTIN,LAMAS,CAYNARACHI,593.6013092
FORESTAL PRODUCTIVO,CAJAMARCA,SANTA CRUZ,NINABAMBA,4992.042938
PROTECCION,CAJAMARCA,SAN MARCOS,JOSE MANUEL QUIROZ,6650.341105
PROTECCION,ANCASH,MARISCAL LUZURIAGA,LLUMPA,8181.205409
OTROS / SIN CLASIFICAR,JUNIN,JAUJA,YAUYOS,0.272748583
PECUARIO,CAJAMARCA,CUTERVO,SAN JUAN DE CUTERVO,2764.506191
AGRICOLA,ANCASH,HUAYLAS,HUAYLAS,554.9452202
AGRICOLA,ANCASH,RECUAY,TAPACOCHA,73.01019068
PROTECCION,JUNIN,SATIPO,SATIPO,73186.41992
FORESTAL PRODUCTIVO,CAJAMARCA,CELENDIN,JORGE CHAVEZ,678.8960619
FORESTAL PRODUCTIVO,CAJAMARCA,SAN PABLO,TUMBADEN,16313.19997
PROTECCION,CAJAMARCA,JAEN,LAS PIRIAS,1418.364349
PECUARIO,CAJAMARCA,CHOTA,LAJAS,2137.358478
AGRICOLA,ANCASH,CASMA,BUENA VISTA ALTA,2196.28996
AGRICOLA,HUANUCO,AMBO,COLPAS,57.12033309
AGRICOLA,JUNIN,HUANCAYO,HUALHUAS,1188.019463
PROTECCION,CAJAMARCA,SAN IGNACIO,SAN IGNACIO,12009.57477
PROTECCION,JUNIN,HUANCAYO,VIQUES,3.553306716
PROTECCION,CAJAMARCA,CUTERVO,CUTERVO,5163.593968
PROTECCION,ANCASH,RECUAY,PARARIN,25897.63134
PROTECCION,HUANUCO,HUAMALIES,JIRCAN,57.87365731
AGRICOLA,MADRE DE DIOS,TAHUAMANU,IBERIA,34632.28889
AGRICOLA,HUANUCO,PUERTO INCA,YUYAPICHIS,51858.40739
OTROS / SIN CLASIFICAR,JUNIN,CHANCHAMAYO,CHANCHAMAYO,452.1274498
PROTECCION,CAJAMARCA,SANTA CRUZ,CATACHE,19358.43879
FORESTAL PRODUCTIVO,ANCASH,HUARI,RAPAYAN,14551.36596
AGRICOLA,JUNIN,JAUJA,MOLINOS,910.0986455
PROTECCION,CAJAMARCA,CUTERVO,QUEROCOTILLO,38998.1042
PROTECCION,HUANUCO,AMBO,AMBO,2125.715477
PECUARIO,HUANUCO,DOS DE MAYO,LA UNION,6.72366E-06
PROTECCION,ANCASH,POMABAMBA,HUAYLLAN,3483.159796
AGRICOLA,JUNIN,JAUJA,TUNAN MARCA,1455.444887
AGRICOLA,JUNIN,JAUJA,MASMA CHICCHE,288.2153415
OTROS / SIN CLASIFICAR,JUNIN,CHUPACA,TRES DE DICIEMBRE,32.803684
AGRICOLA,PASCO,PASCO,PAUCARTAMBO,7938.177984
PECUARIO,PASCO,DANIEL ALCIDES CARRION,YANAHUANCA,13987.62335
FORESTAL PRODUCTIVO,ANCASH,BOLOGNESI,MANGAS,6322.152495
AGRICOLA,HUANUCO,HUANUCO,CHINCHAO,8102.345169
OTROS / SIN CLASIFICAR,JUNIN,SATIPO,PANGOA,3054.057426
PROTECCION,CAJAMARCA,CHOTA,TACABAMBA,2360.962392
PECUARIO,CAJAMARCA,JAEN,SAN JOSE DEL ALTO,4429.700515
PROTECCION,SAN MARTIN,LAMAS,SAN ROQUE DE CUMBAZA,16141.32398
PROTECCION,SAN MARTIN,SAN MARTIN,HUIMBAYOC,76662.61054
PECUARIO,CAJAMARCA,JAEN,COLASAY,7267.833983
FORESTAL PRODUCTIVO,SAN MARTIN,EL DORADO,SAN JOSE DE SISA,29763.60575
PROTECCION,PASCO,PASCO,TINYAHUARCO,161.1614663
PECUARIO,CAJAMARCA,CUTERVO,CUJILLO,21.04460554
PROTECCION,HUANUCO,MARAÑON,SAN BUENAVENTURA,5313.68704
AGRICOLA,MADRE DE DIOS,MANU,HUEPETUHE,16870.47669
AGRICOLA,CAJAMARCA,JAEN,LAS PIRIAS,5096.545552
PECUARIO,PASCO,PASCO,YANACANCHA,2651.57275
PECUARIO,CAJAMARCA,CAJAMARCA,CHETILLA,853.099055
PECUARIO,JUNIN,YAULI,HUAY-HUAY,2397.10382
FORESTAL PRODUCTIVO,SAN MARTIN,LAMAS,SHANAO,2406.138475
FORESTAL PRODUCTIVO,ANCASH,ASUNCION,ACOCHACA,5840.162524
AGRICOLA,CAJAMARCA,CELENDIN,CELENDIN,2853.606045
PROTECCION,JUNIN,CONCEPCION,ORCOTUNA,5.70426727
AGRICOLA,SAN MARTIN,SAN MARTIN,SAUCE,465.1408478
FORESTAL PRODUCTIVO,JUNIN,SATIPO,VIZCATÁN DEL ENE,11.52080632
PECUARIO,CAJAMARCA,CHOTA,COCHABAMBA,1309.681242
FORESTAL PRODUCTIVO,SAN MARTIN,PICOTA,TINGO DE PONASA,33407.67897
FORESTAL PRODUCTIVO,HUANUCO,LEONCIO PRADO,MARIANO DAMASO BERAUN,45135.59065
PROTECCION,ANCASH,SANTA,MACATE,58690.13312
PROTECCION,JUNIN,SATIPO,MAZAMARI,113154.8227
PROTECCION,ANCASH,YUNGAY,MATACOTO,2931.070149
FORESTAL PRODUCTIVO,SAN MARTIN,PICOTA,PUCACACA,17108.7835
FORESTAL PRODUCTIVO,CAJAMARCA,SANTA CRUZ,SAUCEPAMPA,2318.085339
PECUARIO,JUNIN,CONCEPCION,ACO,3073.183367
AGRICOLA,CAJAMARCA,SAN PABLO,SAN BERNARDINO,689.6642029
AGRICOLA,CAJAMARCA,SAN MARCOS,ICHOCAN,1786.524984
OTROS / SIN CLASIFICAR,HUANUCO,LEONCIO PRADO,DANIEL ALOMIA ROBLES,247.5680341
AGRICOLA,CAJAMARCA,CAJAMARCA,COSPAN,7.78681897
PECUARIO,CAJAMARCA,CUTERVO,LA RAMADA,2280.095374
FORESTAL PRODUCTIVO,HUANUCO,HUAMALIES,SINGA,3.33207E-05
AGRICOLA,HUANUCO,PACHITEA,PANAO,4218.067161
PROTECCION,JUNIN,JAUJA,JULCAN,677.6945955
AGRICOLA,ANCASH,HUARMEY,MALVAS,1607.105841
PROTECCION,SAN MARTIN,PICOTA,TINGO DE PONASA,44.91797279
FORESTAL PRODUCTIVO,SAN MARTIN,PICOTA,SAN HILARION,9994.820594
PROTECCION,HUANUCO,PACHITEA,MOLINO,12999.97962
AGRICOLA,JUNIN,JAUJA,MASMA,896.3173764
AGRICOLA,HUANUCO,LEONCIO PRADO,RUPA-RUPA,12006.35594
AGRICOLA,SAN MARTIN,PICOTA,TINGO DE PONASA,79.10227115
PECUARIO,CAJAMARCA,SANTA CRUZ,SEXI,1579.196718
FORESTAL PRODUCTIVO,PASCO,PASCO,TICLACAYAN,2708.414018
FORESTAL PRODUCTIVO,SAN MARTIN,PICOTA,SAN CRISTOBAL,2630.835911
PROTECCION,ANCASH,HUARAZ,TARICA,8834.880738
FORESTAL PRODUCTIVO,ANCASH,BOLOGNESI,TICLLOS,2680.405426
PROTECCION,SAN MARTIN,RIOJA,YURACYACU,53.85784554
AGRICOLA,ANCASH,SIHUAS,SAN JUAN,12406.89139
PROTECCION,SAN MARTIN,BELLAVISTA,HUALLAGA,1969.973522
AGRICOLA,SAN MARTIN,RIOJA,AWAJUN,721.6040904
PECUARIO,HUANUCO,HUANUCO,MARGOS,15950.83423
AGRICOLA,CAJAMARCA,CAJAMARCA,SAN JUAN,16.57618865
PROTECCION,ANCASH,HUARMEY,HUARMEY,276832.2897
FORESTAL PRODUCTIVO,SAN MARTIN,SAN MARTIN,HUIMBAYOC,86160.4545
AGRICOLA,HUANUCO,HUANUCO,YACUS,139.9393738
PROTECCION,CAJAMARCA,JAEN,SAN FELIPE,11249.79679
PECUARIO,HUANUCO,YAROWILCA,JACAS CHICO,26.64846992
AGRICOLA,ANCASH,AIJA,LA MERCED,2820.86892
FORESTAL PRODUCTIVO,HUANUCO,HUAMALIES,MONZON,54429.12824
AGRICOLA,ANCASH,YUNGAY,YUNGAY,2521.949802
OTROS / SIN CLASIFICAR,JUNIN,CHUPACA,HUAMANCACA CHICO,57.00146161
PROTECCION,ANCASH,SIHUAS,RAGASH,18133.89641
PECUARIO,HUANUCO,HUACAYBAMBA,COCHABAMBA,11.40026433
PROTECCION,MADRE DE DIOS,MANU,MANU,780029.985
PROTECCION,CAJAMARCA,CONTUMAZA,SAN BENITO,14961.80851
FORESTAL PRODUCTIVO,CAJAMARCA,CUTERVO,SAN ANDRES DE CUTERVO,5602.929372
PECUARIO,JUNIN,TARMA,LA UNION,5652.863052
PECUARIO,JUNIN,YAULI,SANTA ROSA DE SACCO,3215.139074
FORESTAL PRODUCTIVO,SAN MARTIN,RIOJA,NUEVA CAJAMARCA,18940.38145
PECUARIO,JUNIN,YAULI,MOROCOCHA,9978.894698
FORESTAL PRODUCTIVO,ANCASH,CARHUAZ,SAN MIGUEL DE ACO,1550.22198
AGRICOLA,SAN MARTIN,MOYOBAMBA,HABANA,80.02400746
PROTECCION,CAJAMARCA,CELENDIN,OXAMARCA,11744.42273
FORESTAL PRODUCTIVO,CAJAMARCA,HUALGAYOC,CHUGUR,832.0830565
PROTECCION,ANCASH,CARHUAZ,CARHUAZ,14174.5779
PECUARIO,CAJAMARCA,HUALGAYOC,CHUGUR,1284.677612
AGRICOLA,JUNIN,YAULI,MARCAPOMACOCHA,16.8274539
PECUARIO,JUNIN,JAUJA,CANCHAYLLO,12773.60313
OTROS / SIN CLASIFICAR,HUANUCO,LEONCIO PRADO,PUEBLO NUEVO,645.9428156
PECUARIO,CAJAMARCA,CUTERVO,SANTO DOMINGO DE LA CAPILLA,39.60396384
AGRICOLA,JUNIN,CHUPACA,HUAMANCACA CHICO,1045.434227
PECUARIO,CAJAMARCA,JAEN,POMAHUACA,20440.06461
AGRICOLA,CAJAMARCA,SAN MIGUEL,SAN GREGORIO,2148.822914
FORESTAL PRODUCTIVO,SAN MARTIN,RIOJA,SAN FERNANDO,6655.229634
PECUARIO,ANCASH,BOLOGNESI,CHIQUIAN,2111.947722
PROTECCION,CAJAMARCA,CELENDIN,CELENDIN,21711.31409
AGRICOLA,PASCO,OXAPAMPA,OXAPAMPA,2069.728995
PECUARIO,JUNIN,YAULI,CHACAPALPA,1520.411606
PROTECCION,CAJAMARCA,CUTERVO,CALLAYUC,8354.052374
FORESTAL PRODUCTIVO,HUANUCO,MARAÑON,SAN BUENAVENTURA,1628.607336
AGRICOLA,SAN MARTIN,TOCACHE,TOCACHE,2598.027283
PROTECCION,ANCASH,BOLOGNESI,HUAYLLACAYAN,11747.36173
AGRICOLA,CAJAMARCA,CHOTA,SAN JUAN DE LICUPIS,337.0581016
AGRICOLA,ANCASH,OCROS,CONGAS,2865.09659
PECUARIO,HUANUCO,PUERTO INCA,CODO DEL POZUZO,1739.80219
AGRICOLA,SAN MARTIN,MARISCAL CACERES,JUANJUI,1950.090386
AGRICOLA,CAJAMARCA,SANTA CRUZ,CATACHE,1724.038375
FORESTAL PRODUCTIVO,ANCASH,HUARAZ,TARICA,2879.841179
PROTECCION,HUANUCO,MARAÑON,CHOLON,120410.2187
PROTECCION,ANCASH,YUNGAY,SHUPLUY,15576.32438
PECUARIO,ANCASH,RECUAY,TICAPAMPA,3506.862765
AGRICOLA,HUANUCO,HUAMALIES,MONZON,674.3815826
PROTECCION,MADRE DE DIOS,TAMBOPATA,LAS PIEDRAS,16516.67165
PROTECCION,ANCASH,CASMA,BUENA VISTA ALTA,45847.67463
FORESTAL PRODUCTIVO,SAN MARTIN,MARISCAL CACERES,HUICUNGO,174596.5929
PROTECCION,SAN MARTIN,MARISCAL CACERES,CAMPANILLA,17642.50633
PROTECCION,JUNIN,YAULI,LA OROYA,26581.30492
PROTECCION,ANCASH,ANTONIO RAYMONDI,SAN JUAN DE RONTOY,7854.576446
PROTECCION,ANCASH,CASMA,COMANDANTE NOEL,19072.52226
PROTECCION,CAJAMARCA,SAN MIGUEL,EL PRADO,2932.515323
PECUARIO,JUNIN,JUNIN,ULCUMAYO,25697.2092
OTROS / SIN CLASIFICAR,JUNIN,HUANCAYO,HUAYUCACHI,95.9467657
PROTECCION,HUANUCO,PUERTO INCA,CODO DEL POZUZO,28594.94081
PROTECCION,CAJAMARCA,CHOTA,PACCHA,585.7423621
AGRICOLA,CAJAMARCA,CELENDIN,JOSE GALVEZ,563.575666
AGRICOLA,JUNIN,HUANCAYO,PILCOMAYO,833.2689313
AGRICOLA,SAN MARTIN,LAMAS,ALONSO DE ALVARADO,12.62004401
FORESTAL PRODUCTIVO,CAJAMARCA,CELENDIN,MIGUEL IGLESIAS,3.485305729
PROTECCION,ANCASH,CARHUAZ,TINCO,894.5546204
FORESTAL PRODUCTIVO,CAJAMARCA,SAN PABLO,SAN PABLO,6992.550867
PROTECCION,PASCO,OXAPAMPA,CHONTABAMBA,37962.41747
PROTECCION,SAN MARTIN,BELLAVISTA,SAN RAFAEL,19.68795016
PECUARIO,HUANUCO,LAURICOCHA,SAN MIGUEL DE CAURI,78.58054522
AGRICOLA,SAN MARTIN,RIOJA,SAN FERNANDO,256.549755
PECUARIO,JUNIN,HUANCAYO,CHILCA,56.63867879
PROTECCION,ANCASH,HUARI,SAN MARCOS,47685.27939
PECUARIO,HUANUCO,PACHITEA,MOLINO,8487.305142
FORESTAL PRODUCTIVO,SAN MARTIN,TOCACHE,TOCACHE,92026.50713
FORESTAL PRODUCTIVO,ANCASH,HUARI,PAUCAS,3119.464069
AGRICOLA,SAN MARTIN,RIOJA,YURACYACU,155.8806537
AGRICOLA,CAJAMARCA,SAN PABLO,SAN LUIS,61.2647209
PROTECCION,ANCASH,CARHUAZ,ANTA,2386.509023
AGRICOLA,JUNIN,CHUPACA,YANACANCHA,1602.261783
AGRICOLA,ANCASH,CASMA,YAUTAN,324.8034186
AGRICOLA,CAJAMARCA,SAN IGNACIO,LA COIPA,9832.468599
AGRICOLA,ANCASH,BOLOGNESI,MANGAS,1751.004083
AGRICOLA,PASCO,OXAPAMPA,PALCAZU,212.138287
PECUARIO,CAJAMARCA,CAJABAMBA,CACHACHI,29167.834
PROTECCION,JUNIN,TARMA,HUASAHUASI,56729.19568
AGRICOLA,JUNIN,JAUJA,CURICACA,594.8112021
FORESTAL PRODUCTIVO,CAJAMARCA,SANTA CRUZ,CATACHE,16295.80102
PROTECCION,CAJAMARCA,CHOTA,LLAMA,34728.89706
PECUARIO,JUNIN,HUANCAYO,SAPALLANGA,2297.932414
PROTECCION,SAN MARTIN,MOYOBAMBA,SORITOR,198.7368793
AGRICOLA,HUANUCO,LEONCIO PRADO,PUCAYACU,7393.366173
AGRICOLA,CAJAMARCA,CAJABAMBA,CONDEBAMBA,11305.74032
FORESTAL PRODUCTIVO,CAJAMARCA,CONTUMAZA,CUPISNIQUE,21656.34219
PECUARIO,CAJAMARCA,CELENDIN,SUCRE,10139.22515
FORESTAL PRODUCTIVO,CAJAMARCA,SAN IGNACIO,SAN IGNACIO,4128.739305
FORESTAL PRODUCTIVO,HUANUCO,HUANUCO,YARUMAYO,1738.439592
AGRICOLA,ANCASH,SIHUAS,SICSIBAMBA,6914.3784
FORESTAL PRODUCTIVO,CAJAMARCA,CUTERVO,SANTO TOMAS,9356.349493
FORESTAL PRODUCTIVO,HUANUCO,HUACAYBAMBA,HUACAYBAMBA,38.42776159
PROTECCION,CAJAMARCA,CELENDIN,MIGUEL IGLESIAS,2334.314698
FORESTAL PRODUCTIVO,HUANUCO,HUANUCO,MARGOS,722.3054557
PROTECCION,HUANUCO,HUANUCO,YACUS,290.7421927
FORESTAL PRODUCTIVO,ANCASH,PALLASCA,PALLASCA,10504.19081
PROTECCION,PASCO,PASCO,SIMON BOLIVAR,6236.744319
PROTECCION,ANCASH,HUARAZ,COCHABAMBA,13826.56389
PROTECCION,CAJAMARCA,SAN MARCOS,JOSE SABOGAL,35796.33629
FORESTAL PRODUCTIVO,ANCASH,BOLOGNESI,HUASTA,2310.150722
PROTECCION,JUNIN,HUANCAYO,SANTO DOMINGO DE ACOBAMBA,84771.86033
OTROS / SIN CLASIFICAR,JUNIN,HUANCAYO,HUANCAYO,45.22204702
FORESTAL PRODUCTIVO,CAJAMARCA,SAN MIGUEL,BOLIVAR,1874.244021
AGRICOLA,CAJAMARCA,CAJAMARCA,ENCAÑADA,2263.575282
PROTECCION,ANCASH,HUARI,PONTO,90.51718895
AGRICOLA,CAJAMARCA,SANTA CRUZ,SANTA CRUZ,7246.331994
PROTECCION,ANCASH,PALLASCA,BOLOGNESI,3961.379217
OTROS / SIN CLASIFICAR,JUNIN,HUANCAYO,HUALHUAS,2.833651857
PROTECCION,CAJAMARCA,CHOTA,CHADIN,24.79635396
PECUARIO,CAJAMARCA,CHOTA,CHADIN,2971.502682
FORESTAL PRODUCTIVO,SAN MARTIN,PICOTA,CASPISAPA,6783.347433
PROTECCION,CAJAMARCA,CELENDIN,SUCRE,3844.774866
FORESTAL PRODUCTIVO,CAJAMARCA,SAN MIGUEL,TONGOD,6566.393822
PECUARIO,JUNIN,JAUJA,TUNAN MARCA,1810.642092
FORESTAL PRODUCTIVO,SAN MARTIN,BELLAVISTA,SAN PABLO,34454.6063
PECUARIO,CAJAMARCA,CAJAMARCA,MAGDALENA,15038.21458
AGRICOLA,JUNIN,JUNIN,CARHUAMAYO,186.4302761
AGRICOLA,ANCASH,BOLOGNESI,CAJACAY,531.8502878
AGRICOLA,CAJAMARCA,CAJAMARCA,CAJAMARCA,4307.809669
FORESTAL PRODUCTIVO,ANCASH,ANTONIO RAYMONDI,LLAMELLIN,2122.043949
FORESTAL PRODUCTIVO,SAN MARTIN,EL DORADO,SAN MARTIN,48405.82895
PROTECCION,SAN MARTIN,HUALLAGA,SAPOSOA,2090.724286
FORESTAL PRODUCTIVO,PASCO,DANIEL ALCIDES CARRION,YANAHUANCA,41814.13826
PECUARIO,HUANUCO,HUANUCO,SAN FRANCISCO DE CAYRAN,1858.2809
AGRICOLA,CAJAMARCA,CUTERVO,SOCOTA,3569.658917
PECUARIO,CAJAMARCA,CHOTA,MIRACOSTA,4524.772752
AGRICOLA,SAN MARTIN,RIOJA,YORONGOS,192.3906609
PROTECCION,JUNIN,HUANCAYO,SAÑO,328.862779
FORESTAL PRODUCTIVO,CAJAMARCA,CHOTA,LAJAS,7602.191957
PROTECCION,PASCO,PASCO,VICCO,2.008906054
PROTECCION,ANCASH,OCROS,LLIPA,3047.28264
AGRICOLA,ANCASH,SANTA,NEPEÑA,7914.228987
PECUARIO,CAJAMARCA,HUALGAYOC,HUALGAYOC,13809.06225
AGRICOLA,JUNIN,YAULI,CHACAPALPA,3618.719448
PROTECCION,CAJAMARCA,JAEN,COLASAY,27291.33908
OTROS / SIN CLASIFICAR,JUNIN,HUANCAYO,VIQUES,33.46820133
PROTECCION,SAN MARTIN,PICOTA,PICOTA,623.5435071
PROTECCION,CAJAMARCA,CAJABAMBA,CACHACHI,25301.77941
PROTECCION,JUNIN,HUANCAYO,PARIAHUANCA,54036.0857
PROTECCION,CAJAMARCA,SAN IGNACIO,LA COIPA,10111.13632
AGRICOLA,CAJAMARCA,CHOTA,CHALAMARCA,12106.99289
FORESTAL PRODUCTIVO,ANCASH,PALLASCA,LACABAMBA,5685.280808
FORESTAL PRODUCTIVO,ANCASH,POMABAMBA,QUINUABAMBA,8119.088823
PECUARIO,CAJAMARCA,CHOTA,SAN JUAN DE LICUPIS,107.5516605
AGRICOLA,JUNIN,HUANCAYO,PUCARA,1897.236656
AGRICOLA,ANCASH,CASMA,CASMA,8728.715585
PECUARIO,JUNIN,JAUJA,PACCHA,5295.289554
PROTECCION,JUNIN,CONCEPCION,SANTA ROSA DE OCOPA,711.4513114
AGRICOLA,PASCO,OXAPAMPA,POZUZO,0.52835411
PROTECCION,ANCASH,PALLASCA,HUACASCHUQUE,364.3646803
PECUARIO,HUANUCO,HUANUCO,YARUMAYO,2181.13256
PROTECCION,HUANUCO,MARAÑON,LA MORADA,11007.04915
AGRICOLA,JUNIN,JAUJA,EL MANTARO,1302.258033
PROTECCION,SAN MARTIN,PICOTA,PILLUANA,5.864112636
FORESTAL PRODUCTIVO,CAJAMARCA,SAN PABLO,SAN LUIS,22.66018086
FORESTAL PRODUCTIVO,ANCASH,HUARI,RAHUAPAMPA,954.757202
AGRICOLA,JUNIN,CONCEPCION,MARISCAL CASTILLA,655.4171728
PROTECCION,JUNIN,SATIPO,RIO NEGRO,36723.06637
PROTECCION,PASCO,PASCO,SAN FRANCISCO DE ASIS DE YARUSYACAN,8954.353182
PROTECCION,CAJAMARCA,SAN PABLO,SAN PABLO,2017.865983
PECUARIO,HUANUCO,PACHITEA,UMARI,6961.848232
FORESTAL PRODUCTIVO,HUANUCO,MARAÑON,SANTA ROSA DE ALTO YANAJANCA,42642.52263
AGRICOLA,ANCASH,SIHUAS,HUAYLLABAMBA,7559.334292
FORESTAL PRODUCTIVO,CAJAMARCA,CUTERVO,CALLAYUC,21913.38498
PROTECCION,ANCASH,CARHUAZ,AMASHCA,1320.761089
PROTECCION,ANCASH,RECUAY,TICAPAMPA,8977.624335
PROTECCION,HUANUCO,DOS DE MAYO,LA UNION,1.52865E-05
PROTECCION,SAN MARTIN,PICOTA,PUCACACA,2166.74338
FORESTAL PRODUCTIVO,JUNIN,JUNIN,CARHUAMAYO,1.38914E-06
PECUARIO,CAJAMARCA,CELENDIN,JORGE CHAVEZ,1292.539141
AGRICOLA,CAJAMARCA,CONTUMAZA,CONTUMAZA,1471.565043
AGRICOLA,JUNIN,YAULI,HUAY-HUAY,18.1894078
PROTECCION,JUNIN,HUANCAYO,PUCARA,3518.378962
AGRICOLA,ANCASH,YUNGAY,MATACOTO,1770.955619
AGRICOLA,JUNIN,JAUJA,ACOLLA,2830.398779
AGRICOLA,ANCASH,SANTA,SANTA,2121.591099
FORESTAL PRODUCTIVO,ANCASH,MARISCAL LUZURIAGA,LLUMPA,5729.226893
PECUARIO,HUANUCO,PACHITEA,CHAGLLA,9740.965348
PROTECCION,JUNIN,JUNIN,CARHUAMAYO,7724.753194
PECUARIO,CAJAMARCA,CELENDIN,CORTEGANA,6701.233604
PROTECCION,SAN MARTIN,SAN MARTIN,MORALES,32.71882131
PROTECCION,CAJAMARCA,JAEN,SALLIQUE,23800.1264
PROTECCION,ANCASH,HUARAZ,LA LIBERTAD,13326.39765
AGRICOLA,JUNIN,SATIPO,SATIPO,7733.748616
PROTECCION,ANCASH,ANTONIO RAYMONDI,MIRGAS,8970.919667
AGRICOLA,JUNIN,HUANCAYO,HUAYUCACHI,1015.187357
PECUARIO,CAJAMARCA,CONTUMAZA,SAN BENITO,12026.58048
AGRICOLA,ANCASH,BOLOGNESI,COLQUIOC,1082.977336
PROTECCION,ANCASH,OCROS,CARHUAPAMPA,10656.83291
PROTECCION,CAJAMARCA,SAN MIGUEL,NANCHOC,14441.71656
PROTECCION,ANCASH,AIJA,AIJA,13298.67388
PROTECCION,HUANUCO,HUANUCO,CHINCHAO,49345.95463
PROTECCION,SAN MARTIN,TOCACHE,POLVORA,121477.4179
FORESTAL PRODUCTIVO,SAN MARTIN,LAMAS,TABALOSOS,36035.38
AGRICOLA,ANCASH,POMABAMBA,PAROBAMBA,12926.12696
PECUARIO,CAJAMARCA,CAJAMARCA,ASUNCION,10824.52271
PROTECCION,HUANUCO,HUANUCO,CHURUBAMBA,11148.07765
AGRICOLA,SAN MARTIN,SAN MARTIN,ALBERTO LEVEAU,25.86118455
OTROS / SIN CLASIFICAR,JUNIN,JAUJA,SAN LORENZO,168.1107136
FORESTAL PRODUCTIVO,CAJAMARCA,CHOTA,CHADIN,3434.209463
FORESTAL PRODUCTIVO,ANCASH,PALLASCA,PAMPAS,15264.06547
PECUARIO,CAJAMARCA,CAJAMARCA,LLACANORA,28.7925204
PROTECCION,PASCO,PASCO,HUACHON,82869.81311
FORESTAL PRODUCTIVO,ANCASH,PALLASCA,HUANDOVAL,5023.815629
PROTECCION,HUANUCO,HUAMALIES,ARANCAY,2712.474409
AGRICOLA,SAN MARTIN,LAMAS,TABALOSOS,94.16938133
PROTECCION,ANCASH,CORONGO,ACO,5746.364908
AGRICOLA,SAN MARTIN,MOYOBAMBA,MOYOBAMBA,5464.1702
AGRICOLA,JUNIN,JAUJA,SAN PEDRO DE CHUNAN,625.6691193
FORESTAL PRODUCTIVO,MADRE DE DIOS,TAMBOPATA,LAS PIEDRAS,515516.8785
FORESTAL PRODUCTIVO,HUANUCO,MARAÑON,LA MORADA,64115.52747
AGRICOLA,CAJAMARCA,CHOTA,HUAMBOS,5295.241137
FORESTAL PRODUCTIVO,PASCO,DANIEL ALCIDES CARRION,SANTA ANA DE TUSI,782.0450351
PROTECCION,JUNIN,CHANCHAMAYO,SAN LUIS DE SHUARO,18311.51922
PROTECCION,CAJAMARCA,SAN MARCOS,GREGORIO PITA,5573.899383
FORESTAL PRODUCTIVO,CAJAMARCA,CHOTA,HUAMBOS,2580.521739
FORESTAL PRODUCTIVO,HUANUCO,HUANUCO,SANTA MARIA DEL VALLE,6668.748154
OTROS / SIN CLASIFICAR,HUANUCO,HUANUCO,SAN PEDRO DE CHAULAN,75.80100567
AGRICOLA,HUANUCO,PACHITEA,UMARI,458.5585759
OTROS / SIN CLASIFICAR,HUANUCO,LEONCIO PRADO,JOSE CRESPO Y CASTILLO,1404.551211
AGRICOLA,JUNIN,YAULI,SANTA BARBARA DE CARHUACAYAN,29.19022591
AGRICOLA,CAJAMARCA,SAN MIGUEL,UNION AGUA BLANCA,268.9952233
AGRICOLA,CAJAMARCA,SAN MIGUEL,CATILLUC,28.02355774
OTROS / SIN CLASIFICAR,JUNIN,JAUJA,EL MANTARO,56.18525392
AGRICOLA,CAJAMARCA,CUTERVO,TORIBIO CASANOVA,2299.261028
AGRICOLA,SAN MARTIN,PICOTA,PICOTA,1768.893382
PECUARIO,CAJAMARCA,CHOTA,PACCHA,9197.592283
PECUARIO,CAJAMARCA,CUTERVO,QUEROCOTILLO,26246.49233
PROTECCION,CAJAMARCA,CELENDIN,UTCO,5522.331433
PROTECCION,PASCO,OXAPAMPA,HUANCABAMBA,113269.1881
PROTECCION,CAJAMARCA,CHOTA,CHOROPAMPA,9481.604554
AGRICOLA,SAN MARTIN,PICOTA,BUENOS AIRES,552.8088627
AGRICOLA,ANCASH,BOLOGNESI,ANTONIO RAYMONDI,1152.136387
PROTECCION,CAJAMARCA,CELENDIN,HUASMIN,9575.828504
PECUARIO,JUNIN,JAUJA,PARCO,2041.525383
AGRICOLA,CAJAMARCA,CONTUMAZA,SAN BENITO,12469.27178
PECUARIO,JUNIN,YAULI,LA OROYA,9844.480144
PROTECCION,ANCASH,SANTA,SAMANCO,9178.349182
PECUARIO,CAJAMARCA,CUTERVO,SAN LUIS DE LUCMA,1251.44459
PROTECCION,HUANUCO,LAURICOCHA,QUEROPALCA,13137.54966
AGRICOLA,CAJAMARCA,CHOTA,TACABAMBA,2409.182587
PROTECCION,HUANUCO,PUERTO INCA,TOURNAVISTA,22079.44813
PROTECCION,CAJAMARCA,CUTERVO,SANTO TOMAS,1777.191844
FORESTAL PRODUCTIVO,ANCASH,PALLASCA,CABANA,5767.125722
FORESTAL PRODUCTIVO,PASCO,OXAPAMPA,OXAPAMPA,1920.613366
PROTECCION,HUANUCO,MARAÑON,SANTA ROSA DE ALTO YANAJANCA,55742.78646
PROTECCION,PASCO,OXAPAMPA,POZUZO,71655.63269
AGRICOLA,SAN MARTIN,MARISCAL CACERES,PAJARILLO,1076.310342
AGRICOLA,ANCASH,HUAYLAS,CARAZ,2965.494672
FORESTAL PRODUCTIVO,ANCASH,POMABAMBA,HUAYLLAN,5393.305477
PROTECCION,SAN MARTIN,EL DORADO,SANTA ROSA,119.4433182
PROTECCION,ANCASH,OCROS,ACAS,24243.03403
AGRICOLA,SAN MARTIN,BELLAVISTA,BAJO BIAVO,967.0931648
AGRICOLA,JUNIN,JAUJA,HUAMALI,1037.067126
FORESTAL PRODUCTIVO,JUNIN,SATIPO,LLAYLLA,289.3727648
FORESTAL PRODUCTIVO,PASCO,PASCO,TINYAHUARCO,3751.425124
OTROS / SIN CLASIFICAR,HUANUCO,LEONCIO PRADO,RUPA-RUPA,921.9542908
PROTECCION,HUANUCO,LEONCIO PRADO,PUCAYACU,44630.49323
PECUARIO,ANCASH,PALLASCA,TAUCA,2164.364065
AGRICOLA,SAN MARTIN,MARISCAL CACERES,CAMPANILLA,1825.060545
AGRICOLA,JUNIN,HUANCAYO,HUANCAYO,2241.5613
AGRICOLA,SAN MARTIN,SAN MARTIN,CHIPURANA,2294.880148
AGRICOLA,HUANUCO,MARAÑON,HUACRACHUCO,3151.018174
PROTECCION,JUNIN,HUANCAYO,COLCA,3505.385971
AGRICOLA,CAJAMARCA,CELENDIN,JORGE CHAVEZ,221.6415383
AGRICOLA,JUNIN,HUANCAYO,SAN AGUSTIN,2143.536788
FORESTAL PRODUCTIVO,PASCO,PASCO,CHAUPIMARCA,179.7655514
PROTECCION,ANCASH,YUNGAY,YUNGAY,24800.24685
FORESTAL PRODUCTIVO,CAJAMARCA,CAJAMARCA,CHETILLA,3864.559262
PROTECCION,ANCASH,RECUAY,LLACLLIN,9591.219667
OTROS / SIN CLASIFICAR,JUNIN,SATIPO,SATIPO,407.2280812
PROTECCION,JUNIN,CONCEPCION,MATAHUASI,60.20714665
FORESTAL PRODUCTIVO,CAJAMARCA,CONTUMAZA,TANTARICA,2505.332061
FORESTAL PRODUCTIVO,CAJAMARCA,SANTA CRUZ,CHANCAYBAÑOS,10668.40895
AGRICOLA,SAN MARTIN,SAN MARTIN,HUIMBAYOC,2191.32931
PROTECCION,CAJAMARCA,CONTUMAZA,SANTA CRUZ DE TOLED,4630.769369
FORESTAL PRODUCTIVO,HUANUCO,HUANUCO,HUANUCO,1357.625415
AGRICOLA,ANCASH,YUNGAY,MANCOS,1655.795896
AGRICOLA,CAJAMARCA,SAN MARCOS,GREGORIO PITA,3776.273319
AGRICOLA,HUANUCO,HUANUCO,SAN FRANCISCO DE CAYRAN,1696.528821
AGRICOLA,SAN MARTIN,TOCACHE,POLVORA,2490.489366
AGRICOLA,JUNIN,CONCEPCION,CONCEPCION,1788.211936
PROTECCION,JUNIN,CONCEPCION,ANDAMARCA,44981.42709
PROTECCION,JUNIN,CONCEPCION,CHAMBARA,2272.365346
PECUARIO,JUNIN,SATIPO,VIZCATÁN DEL ENE,130.9931995
FORESTAL PRODUCTIVO,HUANUCO,HUANUCO,YACUS,506.5169716
FORESTAL PRODUCTIVO,CAJAMARCA,CUTERVO,PIMPINGOS,8607.245534
AGRICOLA,SAN MARTIN,SAN MARTIN,JUAN GUERRA,603.390154
PECUARIO,JUNIN,JAUJA,JULCAN,597.4696039
PECUARIO,JUNIN,HUANCAYO,SAN AGUSTIN,384.315004
PECUARIO,HUANUCO,HUANUCO,YACUS,6113.182765
PROTECCION,CAJAMARCA,SAN MARCOS,EDUARDO VILLANUEVA,4173.929608
FORESTAL PRODUCTIVO,CAJAMARCA,SANTA CRUZ,SEXI,0.099810932
FORESTAL PRODUCTIVO,ANCASH,HUARI,PONTO,11810.04828
AGRICOLA,JUNIN,CHANCHAMAYO,PICHANAQUI,9341.293749
FORESTAL PRODUCTIVO,SAN MARTIN,HUALLAGA,PISCOYACU,17811.91176
AGRICOLA,ANCASH,CASMA,COMANDANTE NOEL,2557.852735
AGRICOLA,JUNIN,CONCEPCION,NUEVE DE JULIO,685.2504625
PROTECCION,SAN MARTIN,EL DORADO,SAN JOSE DE SISA,683.8231323
OTROS / SIN CLASIFICAR,JUNIN,SATIPO,MAZAMARI,1094.399305
OTROS / SIN CLASIFICAR,HUANUCO,LEONCIO PRADO,HERMILIO VALDIZAN,123.0030201
PECUARIO,CAJAMARCA,CHOTA,HUAMBOS,9455.30568
FORESTAL PRODUCTIVO,SAN MARTIN,LAMAS,ALONSO DE ALVARADO,29553.20972
AGRICOLA,CAJAMARCA,SAN IGNACIO,SAN JOSE DE LOURDES,4513.310601
PECUARIO,CAJAMARCA,SANTA CRUZ,NINABAMBA,738.3311322
FORESTAL PRODUCTIVO,CAJAMARCA,CAJAMARCA,LLACANORA,532.7605842
FORESTAL PRODUCTIVO,HUANUCO,AMBO,AMBO,370.3761764
PROTECCION,PASCO,PASCO,PAUCARTAMBO,64803.1939
PROTECCION,SAN MARTIN,LAMAS,SHANAO,1.448020012
FORESTAL PRODUCTIVO,ANCASH,CARLOS FERMIN FITZCARRALD,SAN NICOLAS,477.7565714
FORESTAL PRODUCTIVO,CAJAMARCA,SAN IGNACIO,NAMBALLE,15378.55098
AGRICOLA,ANCASH,OCROS,ACAS,1241.932745
PROTECCION,JUNIN,CHANCHAMAYO,PICHANAQUI,111242.0783
PECUARIO,HUANUCO,LEONCIO PRADO,PUEBLO NUEVO,764.9266704
PROTECCION,PASCO,PASCO,YANACANCHA,13123.22848
FORESTAL PRODUCTIVO,JUNIN,JUNIN,ONDORES,3.54209E-05
PECUARIO,CAJAMARCA,SAN IGNACIO,HUARANGO,24602.81656
FORESTAL PRODUCTIVO,CAJAMARCA,CELENDIN,OXAMARCA,4049.945409
PROTECCION,ANCASH,HUARI,SAN PEDRO DE CHANA,1862.845753
PROTECCION,ANCASH,HUARAZ,HUANCHAY,20885.96171
FORESTAL PRODUCTIVO,ANCASH,HUARI,HUACHIS,8707.665677
FORESTAL PRODUCTIVO,ANCASH,BOLOGNESI,PACLLON,8174.588255
PECUARIO,JUNIN,CONCEPCION,COCHAS,420.2926728
AGRICOLA,SAN MARTIN,HUALLAGA,TINGO DE SAPOSOA,474.1733859
AGRICOLA,JUNIN,HUANCAYO,QUILCAS,1147.398617
FORESTAL PRODUCTIVO,CAJAMARCA,CAJAMARCA,NAMORA,8201.013643
FORESTAL PRODUCTIVO,CAJAMARCA,CAJAMARCA,ASUNCION,6128.378394
PECUARIO,JUNIN,JAUJA,MASMA CHICCHE,2225.287841
PECUARIO,CAJAMARCA,CAJAMARCA,CAJAMARCA,6118.109055
PECUARIO,CAJAMARCA,SAN MIGUEL,CALQUIS,10901.11954
FORESTAL PRODUCTIVO,HUANUCO,DOS DE MAYO,MARIAS,222.3880469
PROTECCION,HUANUCO,HUANUCO,MARGOS,2679.696164
PROTECCION,JUNIN,JUNIN,ONDORES,8368.72306
AGRICOLA,CAJAMARCA,CAJABAMBA,CAJABAMBA,6879.935436
FORESTAL PRODUCTIVO,HUANUCO,LEONCIO PRADO,HERMILIO VALDIZAN,24912.84217
FORESTAL PRODUCTIVO,ANCASH,ANTONIO RAYMONDI,ACZO,2483.789354
PROTECCION,PASCO,DANIEL ALCIDES CARRION,YANAHUANCA,18310.01427
OTROS / SIN CLASIFICAR,HUANUCO,PACHITEA,PANAO,437.0620578
FORESTAL PRODUCTIVO,CAJAMARCA,CUTERVO,CHOROS,13.69192233
AGRICOLA,CAJAMARCA,CHOTA,CONCHAN,388.6696406
AGRICOLA,HUANUCO,PACHITEA,MOLINO,557.3946654
AGRICOLA,SAN MARTIN,RIOJA,ELIAS SOPLIN VARGAS,268.2776058
PROTECCION,SAN MARTIN,SAN MARTIN,LA BANDA DE SHILCAYO,14670.79461
AGRICOLA,JUNIN,JAUJA,HUARIPAMPA,435.4529431
PROTECCION,HUANUCO,HUANUCO,SAN PABLO DE PILLAO,36638.88395
FORESTAL PRODUCTIVO,SAN MARTIN,BELLAVISTA,ALTO BIAVO,218234.5363
PECUARIO,CAJAMARCA,CAJAMARCA,ENCAÑADA,25714.63828
PECUARIO,PASCO,PASCO,TICLACAYAN,1279.947055
PECUARIO,CAJAMARCA,CUTERVO,CUTERVO,9413.267017
AGRICOLA,HUANUCO,PACHITEA,CHAGLLA,8189.497938
PROTECCION,ANCASH,BOLOGNESI,SAN MIGUEL DE CORPANQUI,4188.746814
AGRICOLA,JUNIN,HUANCAYO,SAÑO,788.5932194
PROTECCION,ANCASH,SIHUAS,QUICHES,14827.46331
PECUARIO,JUNIN,CONCEPCION,COMAS,12400.4735
FORESTAL PRODUCTIVO,SAN MARTIN,SAN MARTIN,ALBERTO LEVEAU,5145.399847
FORESTAL PRODUCTIVO,CAJAMARCA,CONTUMAZA,GUZMANGO,23.1573258
PECUARIO,JUNIN,CHUPACA,CHONGOS BAJO,6503.083215
PROTECCION,ANCASH,HUARAZ,PIRA,21740.1338
AGRICOLA,JUNIN,JAUJA,PACA,525.1049676
AGRICOLA,JUNIN,HUANCAYO,PARIAHUANCA,873.6837837
OTROS / SIN CLASIFICAR,JUNIN,JAUJA,LEONOR ORDOÑEZ,39.94114159
PROTECCION,ANCASH,BOLOGNESI,CHIQUIAN,11409.86521
AGRICOLA,JUNIN,YAULI,PACCHA,981.0843554
PECUARIO,JUNIN,JAUJA,YAULI,3001.747578
PECUARIO,HUANUCO,HUANUCO,AMARILIS,2204.124588
PECUARIO,CAJAMARCA,SANTA CRUZ,UTICYACU,25.34990461
FORESTAL PRODUCTIVO,SAN MARTIN,RIOJA,POSIC,3933.725008
PECUARIO,HUANUCO,LAURICOCHA,BAÑOS,3.71301E-06
PECUARIO,JUNIN,CONCEPCION,SANTA ROSA DE OCOPA,179.5856823
FORESTAL PRODUCTIVO,CAJAMARCA,CONTUMAZA,SAN BENITO,8949.556284
AGRICOLA,JUNIN,HUANCAYO,INGENIO,1004.016428
PECUARIO,JUNIN,TARMA,SAN PEDRO DE CAJAS,24342.44472
AGRICOLA,JUNIN,HUANCAYO,SANTO DOMINGO DE ACOBAMBA,1068.708179
OTROS / SIN CLASIFICAR,HUANUCO,HUANUCO,AMARILIS,585.1679795
OTROS / SIN CLASIFICAR,HUANUCO,LEONCIO PRADO,SANTO DOMINGO DE ANDA,75.9710487
PROTECCION,HUANUCO,HUAMALIES,PUÑOS,8.20141E-06
AGRICOLA,CAJAMARCA,SAN MIGUEL,LA FLORIDA,146.2649069
FORESTAL PRODUCTIVO,HUANUCO,AMBO,COLPAS,17.71366023
PROTECCION,ANCASH,SANTA,CACERES DEL PERU,52789.87814
AGRICOLA,HUANUCO,LEONCIO PRADO,MARIANO DAMASO BERAUN,12072.09012
FORESTAL PRODUCTIVO,ANCASH,MARISCAL LUZURIAGA,FIDEL OLIVAS ESCUDERO,8441.011044
PROTECCION,SAN MARTIN,EL DORADO,SAN MARTIN,3589.044042
AGRICOLA,JUNIN,HUANCAYO,HUANCAN,1189.118126
PROTECCION,CAJAMARCA,CONTUMAZA,TANTARICA,11962.82279
OTROS / SIN CLASIFICAR,HUANUCO,MARAÑON,SANTA ROSA DE ALTO YANAJANCA,296.9503144
PECUARIO,CAJAMARCA,SAN MARCOS,GREGORIO PITA,4193.36625
AGRICOLA,JUNIN,JAUJA,PARCO,1356.920904
PECUARIO,CAJAMARCA,CAJABAMBA,CAJABAMBA,1199.273621
PROTECCION,ANCASH,BOLOGNESI,ABELARDO PARDO LEZAMETA,947.123857
FORESTAL PRODUCTIVO,PASCO,PASCO,VICCO,14057.29162
FORESTAL PRODUCTIVO,ANCASH,CORONGO,CORONGO,645.6893756
AGRICOLA,SAN MARTIN,LAMAS,BARRANQUITA,1039.608316
PROTECCION,ANCASH,MARISCAL LUZURIAGA,MUSGA,1440.449244
FORESTAL PRODUCTIVO,ANCASH,HUARI,HUACCHIS,7626.774517
PECUARIO,CAJAMARCA,CHOTA,CHALAMARCA,4985.671884
FORESTAL PRODUCTIVO,CAJAMARCA,CHOTA,CHALAMARCA,615.5911903
FORESTAL PRODUCTIVO,SAN MARTIN,BELLAVISTA,BAJO BIAVO,105886.5976
PECUARIO,HUANUCO,LEONCIO PRADO,CASTILLO GRANDE,125.8393071
PECUARIO,JUNIN,HUANCAYO,CARHUACALLANGA,811.7087353
PECUARIO,PASCO,OXAPAMPA,OXAPAMPA,6155.753588
AGRICOLA,HUANUCO,HUANUCO,SAN PABLO DE PILLAO,5509.36299
PECUARIO,HUANUCO,LAURICOCHA,SAN FRANCISCO DE ASIS,9.408243534
PECUARIO,CAJAMARCA,CELENDIN,SOROCHUCO,9891.030166
PROTECCION,HUANUCO,PUERTO INCA,PUERTO INCA,46934.01979
PROTECCION,JUNIN,JAUJA,SAN PEDRO DE CHUNAN,245.8001734
FORESTAL PRODUCTIVO,ANCASH,MARISCAL LUZURIAGA,ELEAZAR GUZMAN BARRON,256.1847563
PECUARIO,CAJAMARCA,CELENDIN,CHUMUCH,1487.970292
PROTECCION,SAN MARTIN,RIOJA,PARDO MIGUEL,89465.34737
FORESTAL PRODUCTIVO,ANCASH,BOLOGNESI,CAJACAY,4377.295338
PECUARIO,CAJAMARCA,SAN MIGUEL,SAN SILVESTRE DE COCHAN,12885.1113
PROTECCION,JUNIN,TARMA,TAPO,12680.20855
PROTECCION,CAJAMARCA,CONTUMAZA,CHILETE,7334.818362
AGRICOLA,SAN MARTIN,LAMAS,SHANAO,27.29528273
OTROS / SIN CLASIFICAR,HUANUCO,PUERTO INCA,PUERTO INCA,3638.814829
PROTECCION,ANCASH,RECUAY,RECUAY,6600.029701
OTROS / SIN CLASIFICAR,CAJAMARCA,CONTUMAZA,YONAN,1324.135657
PROTECCION,ANCASH,SANTA,SANTA,1957.596156
AGRICOLA,CAJAMARCA,CUTERVO,LA RAMADA,24.95116798
PROTECCION,ANCASH,SANTA,MORO,34156.11847
AGRICOLA,JUNIN,JAUJA,SAN LORENZO,1602.107106
AGRICOLA,JUNIN,CHUPACA,CHUPACA,1878.365998
AGRICOLA,SAN MARTIN,BELLAVISTA,SAN PABLO,281.2865761
PECUARIO,JUNIN,HUANCAYO,HUASICANCHA,5198.222882
AGRICOLA,SAN MARTIN,SAN MARTIN,PAPAPLAYA,1955.472407
PECUARIO,CAJAMARCA,SAN IGNACIO,SAN JOSE DE LOURDES,19711.23546
FORESTAL PRODUCTIVO,MADRE DE DIOS,TAMBOPATA,LABERINTO,108571.6112
PROTECCION,SAN MARTIN,HUALLAGA,PISCOYACU,65.09895837
AGRICOLA,CAJAMARCA,SAN MIGUEL,BOLIVAR,506.2833133
FORESTAL PRODUCTIVO,HUANUCO,LAURICOCHA,SAN MIGUEL DE CAURI,1.32629E-08
FORESTAL PRODUCTIVO,SAN MARTIN,BELLAVISTA,HUALLAGA,23527.05432
PECUARIO,CAJAMARCA,CUTERVO,PIMPINGOS,5725.829759
PROTECCION,ANCASH,CORONGO,CUSCA,42505.38493
AGRICOLA,CAJAMARCA,SANTA CRUZ,ANDABAMBA,3.520573235
PECUARIO,HUANUCO,AMBO,COLPAS,61.35855284
AGRICOLA,JUNIN,JAUJA,SAUSA,354.0625869
PECUARIO,JUNIN,YAULI,YAULI,8873.313928
PROTECCION,JUNIN,SATIPO,LLAYLLA,25495.78967
PECUARIO,CAJAMARCA,SAN MIGUEL,LA FLORIDA,5287.83667
AGRICOLA,CAJAMARCA,CUTERVO,CUJILLO,182.8749004
PROTECCION,CAJAMARCA,CAJABAMBA,CONDEBAMBA,2310.301128
PROTECCION,HUANUCO,LEONCIO PRADO,LUYANDO,214.8928272
OTROS / SIN CLASIFICAR,HUANUCO,MARAÑON,HUACRACHUCO,188.5227501
PROTECCION,ANCASH,AIJA,CORIS,22330.65441
PECUARIO,PASCO,OXAPAMPA,CHONTABAMBA,34.93655932
FORESTAL PRODUCTIVO,CAJAMARCA,SAN MIGUEL,UNION AGUA BLANCA,2744.70413
AGRICOLA,SAN MARTIN,RIOJA,PARDO MIGUEL,238.8698953
OTROS / SIN CLASIFICAR,HUANUCO,LEONCIO PRADO,CASTILLO GRANDE,562.2748424
AGRICOLA,ANCASH,CARHUAZ,ATAQUERO,891.5875412
FORESTAL PRODUCTIVO,HUANUCO,PACHITEA,MOLINO,1690.691373
PROTECCION,CAJAMARCA,SAN MIGUEL,CALQUIS,17082.84174
PROTECCION,SAN MARTIN,LAMAS,CAYNARACHI,47770.60788
FORESTAL PRODUCTIVO,CAJAMARCA,JAEN,HUABAL,1489.774616
OTROS / SIN CLASIFICAR,JUNIN,CHANCHAMAYO,SAN RAMON,181.0985449
AGRICOLA,HUANUCO,LEONCIO PRADO,CASTILLO GRANDE,6766.160258
PROTECCION,CAJAMARCA,CAJABAMBA,SITACOCHA,31877.65425
PROTECCION,ANCASH,SIHUAS,ALFONSO UGARTE,8911.006302
PROTECCION,ANCASH,BOLOGNESI,PACLLON,12888.31423
FORESTAL PRODUCTIVO,CAJAMARCA,JAEN,PUCARA,8972.382131
PROTECCION,PASCO,OXAPAMPA,OXAPAMPA,30075.8379
PROTECCION,CAJAMARCA,CELENDIN,CORTEGANA,18428.79552
FORESTAL PRODUCTIVO,SAN MARTIN,RIOJA,YORONGOS,6753.385578
FORESTAL PRODUCTIVO,CAJAMARCA,CUTERVO,SANTA CRUZ,11239.2343
OTROS / SIN CLASIFICAR,HUANUCO,HUANUCO,QUISQUI (KICHKI),5.692184809
PROTECCION,ANCASH,ANTONIO RAYMONDI,CHACCHO,4730.906566
PROTECCION,HUANUCO,DOS DE MAYO,RIPAN,5.77565E-06
FORESTAL PRODUCTIVO,ANCASH,PALLASCA,HUACASCHUQUE,991.7935952
PROTECCION,PASCO,DANIEL ALCIDES CARRION,GOYLLARISQUIZGA,1032.772695
AGRICOLA,CAJAMARCA,CAJABAMBA,CACHACHI,11840.55712
PROTECCION,HUANUCO,LEONCIO PRADO,CASTILLO GRANDE,297.4957253
AGRICOLA,ANCASH,HUARAZ,LA LIBERTAD,1511.294097
PROTECCION,SAN MARTIN,SAN MARTIN,JUAN GUERRA,95.18268651
PECUARIO,CAJAMARCA,CHOTA,QUEROCOTO,3774.068519
AGRICOLA,ANCASH,AIJA,SUCCHA,555.0707276
PROTECCION,HUANUCO,HUAMALIES,LLATA,5.05987E-05
PROTECCION,CAJAMARCA,CONTUMAZA,GUZMANGO,4593.229537
AGRICOLA,ANCASH,SANTA,CACERES DEL PERU,26.8881838
PROTECCION,ANCASH,OCROS,SAN CRISTOBAL DE RAJAN,6965.927503
AGRICOLA,JUNIN,CHANCHAMAYO,SAN RAMON,2789.338232
FORESTAL PRODUCTIVO,ANCASH,RECUAY,TICAPAMPA,2127.467725
AGRICOLA,JUNIN,JAUJA,ATAURA,486.0596373
PECUARIO,JUNIN,JAUJA,LEONOR ORDOÑEZ,984.7544592
PECUARIO,HUANUCO,HUANUCO,CHURUBAMBA,22549.81283
OTROS / SIN CLASIFICAR,HUANUCO,HUANUCO,SAN FRANCISCO DE CAYRAN,13.0640944
PROTECCION,CAJAMARCA,SAN MARCOS,PEDRO GALVEZ,3632.178563
FORESTAL PRODUCTIVO,CAJAMARCA,SAN MARCOS,ICHOCAN,17.52892956
FORESTAL PRODUCTIVO,ANCASH,PALLASCA,LLAPO,699.0518139
PROTECCION,SAN MARTIN,BELLAVISTA,SAN PABLO,64.94297772
FORESTAL PRODUCTIVO,ANCASH,HUARI,SAN MARCOS,8464.818127
PROTECCION,JUNIN,YAULI,YAULI,32015.56809
PROTECCION,CAJAMARCA,CUTERVO,SANTO DOMINGO DE LA CAPILLA,5460.282526
AGRICOLA,JUNIN,SATIPO,RIO NEGRO,7527.380903
PECUARIO,JUNIN,CONCEPCION,ANDAMARCA,3993.648955
PROTECCION,SAN MARTIN,MARISCAL CACERES,HUICUNGO,797156.3859
FORESTAL PRODUCTIVO,CAJAMARCA,CAJAMARCA,MAGDALENA,213.7742287
PROTECCION,SAN MARTIN,PICOTA,SAN HILARION,34.03487704
AGRICOLA,JUNIN,TARMA,ACOBAMBA,1058.051782
PECUARIO,JUNIN,HUANCAYO,SAÑO,162.5291427
AGRICOLA,CAJAMARCA,JAEN,CHONTALI,65.03764502
FORESTAL PRODUCTIVO,ANCASH,OCROS,LLIPA,100.0651642
AGRICOLA,JUNIN,CONCEPCION,SAN JOSE DE QUERO,1675.82176
FORESTAL PRODUCTIVO,ANCASH,ANTONIO RAYMONDI,CHINGAS,3376.502522
PROTECCION,JUNIN,SATIPO,PAMPA HERMOSA,91119.09625
PECUARIO,PASCO,DANIEL ALCIDES CARRION,SAN PEDRO DE PILLAO,2167.492097
FORESTAL PRODUCTIVO,CAJAMARCA,JAEN,SAN FELIPE,10953.23302
PROTECCION,CAJAMARCA,CHOTA,SAN JUAN DE LICUPIS,14443.14368
PECUARIO,ANCASH,BOLOGNESI,HUALLANCA,2095.914645
PROTECCION,ANCASH,BOLOGNESI,ANTONIO RAYMONDI,11039.62573
AGRICOLA,SAN MARTIN,PICOTA,TRES UNIDOS,33.54189444
AGRICOLA,CAJAMARCA,JAEN,HUABAL,6982.913735
FORESTAL PRODUCTIVO,ANCASH,ANTONIO RAYMONDI,MIRGAS,8233.656725
AGRICOLA,CAJAMARCA,CHOTA,CHIMBAN,17.19797069
OTROS / SIN CLASIFICAR,JUNIN,JUNIN,ONDORES,13.33400668
AGRICOLA,MADRE DE DIOS,TAMBOPATA,TAMBOPATA,292018.188
FORESTAL PRODUCTIVO,SAN MARTIN,RIOJA,YURACYACU,5996.01891
PROTECCION,CAJAMARCA,CELENDIN,JORGE CHAVEZ,2988.666339
FORESTAL PRODUCTIVO,ANCASH,CARHUAZ,MARCARA,2153.76498
FORESTAL PRODUCTIVO,ANCASH,HUARI,HUARI,9671.619999
PROTECCION,ANCASH,HUAYLAS,MATO,10074.47713
AGRICOLA,HUANUCO,MARAÑON,SANTA ROSA DE ALTO YANAJANCA,5567.003686
AGRICOLA,JUNIN,TARMA,PALCAMAYO,429.2055989
AGRICOLA,SAN MARTIN,SAN MARTIN,TARAPOTO,1607.737577
AGRICOLA,JUNIN,HUANCAYO,CHUPURO,323.6286791
PECUARIO,HUANUCO,AMBO,SAN RAFAEL,4.804836387
OTROS / SIN CLASIFICAR,JUNIN,CHUPACA,CHONGOS BAJO,48.79928713
PROTECCION,CAJAMARCA,CUTERVO,SOCOTA,4081.929068
AGRICOLA,HUANUCO,HUANUCO,QUISQUI (KICHKI),1909.886213
OTROS / SIN CLASIFICAR,JUNIN,HUANCAYO,SICAYA,171.3867557
PROTECCION,JUNIN,JAUJA,PANCAN,221.2216961
PECUARIO,ANCASH,SANTA,SAMANCO,5622.38704
PECUARIO,JUNIN,TARMA,HUARICOLCA,10791.2107
PECUARIO,CAJAMARCA,CHOTA,LLAMA,1702.956789
PECUARIO,PASCO,DANIEL ALCIDES CARRION,SANTA ANA DE TUSI,13998.69626
PECUARIO,JUNIN,JAUJA,SINCOS,17796.17063
PECUARIO,ANCASH,BOLOGNESI,CAJACAY,296.530442
AGRICOLA,JUNIN,CHUPACA,CHONGOS BAJO,1115.462278
FORESTAL PRODUCTIVO,PASCO,DANIEL ALCIDES CARRION,TAPUC,3568.16503
PECUARIO,JUNIN,CHANCHAMAYO,SAN RAMON,765.1101927
PECUARIO,CAJAMARCA,CELENDIN,LA LIBERTAD DE PALLAN,12396.02094
AGRICOLA,SAN MARTIN,BELLAVISTA,SAN RAFAEL,1679.847885
AGRICOLA,ANCASH,RECUAY,MARCA,6271.423426
AGRICOLA,JUNIN,CONCEPCION,ANDAMARCA,1615.617279
PECUARIO,JUNIN,HUANCAYO,CHONGOS ALTO,51874.55437
PECUARIO,PASCO,PASCO,HUAYLLAY,38845.15725
FORESTAL PRODUCTIVO,CAJAMARCA,CHOTA,QUEROCOTO,8913.313866
FORESTAL PRODUCTIVO,HUANUCO,HUAMALIES,PUÑOS,5.4438E-06
PECUARIO,CAJAMARCA,CHOTA,CONCHAN,3136.576428
AGRICOLA,JUNIN,JAUJA,MONOBAMBA,3444.75752
FORESTAL PRODUCTIVO,SAN MARTIN,SAN MARTIN,SHAPAJA,17391.45955
PROTECCION,CAJAMARCA,CAJAMARCA,CAJAMARCA,2605.169489
FORESTAL PRODUCTIVO,SAN MARTIN,BELLAVISTA,BELLAVISTA,23843.92858
FORESTAL PRODUCTIVO,CAJAMARCA,SAN MARCOS,GREGORIO PITA,8548.612099
FORESTAL PRODUCTIVO,SAN MARTIN,HUALLAGA,ALTO SAPOSOA,134648.3938
PECUARIO,JUNIN,JAUJA,MASMA,216.9244069
OTROS / SIN CLASIFICAR,HUANUCO,PUERTO INCA,YUYAPICHIS,2651.602284
AGRICOLA,CAJAMARCA,SANTA CRUZ,NINABAMBA,13.17554385
AGRICOLA,SAN MARTIN,EL DORADO,SHATOJA,72.25404253
AGRICOLA,JUNIN,CHUPACA,SAN JUAN DE JARPA,551.6871022
PROTECCION,JUNIN,JAUJA,YAUYOS,62.88159338
AGRICOLA,CAJAMARCA,JAEN,SALLIQUE,817.7247496
AGRICOLA,CAJAMARCA,CAJAMARCA,MATARA,3421.549885
AGRICOLA,ANCASH,MARISCAL LUZURIAGA,FIDEL OLIVAS ESCUDERO,0.447927632
AGRICOLA,JUNIN,HUANCAYO,CULLHUAS,1649.991018
PECUARIO,JUNIN,HUANCAYO,INGENIO,2904.765444
PROTECCION,SAN MARTIN,HUALLAGA,SACANCHE,18.67441086
FORESTAL PRODUCTIVO,PASCO,OXAPAMPA,VILLA RICA,24008.60584
PECUARIO,PASCO,OXAPAMPA,PALCAZU,50196.94922
PROTECCION,ANCASH,SIHUAS,ACOBAMBA,15032.83439
AGRICOLA,SAN MARTIN,HUALLAGA,SACANCHE,173.504455
FORESTAL PRODUCTIVO,SAN MARTIN,MOYOBAMBA,CALZADA,11408.03163
AGRICOLA,JUNIN,JAUJA,JAUJA,761.7089344
PROTECCION,JUNIN,CHUPACA,CHONGOS BAJO,1969.773639
FORESTAL PRODUCTIVO,HUANUCO,PUERTO INCA,TOURNAVISTA,52254.52032
PROTECCION,CAJAMARCA,HUALGAYOC,BAMBAMARCA,380.4790435
FORESTAL PRODUCTIVO,CAJAMARCA,CELENDIN,LA LIBERTAD DE PALLAN,2767.313705
AGRICOLA,SAN MARTIN,EL DORADO,SANTA ROSA,70.928694
AGRICOLA,CAJAMARCA,SAN MARCOS,CHANCAY,2245.411389
OTROS / SIN CLASIFICAR,JUNIN,CONCEPCION,CONCEPCION,36.22986882
PROTECCION,JUNIN,SATIPO,COVIRIALI,8440.98566
AGRICOLA,MADRE DE DIOS,TAMBOPATA,LAS PIEDRAS,251465.4816
PROTECCION,ANCASH,ASUNCION,ACOCHACA,1814.086662
PECUARIO,JUNIN,HUANCAYO,CHACAPAMPA,12441.40874
AGRICOLA,SAN MARTIN,TOCACHE,NUEVO PROGRESO,1793.276986
PECUARIO,JUNIN,CONCEPCION,HEROINAS TOLEDO,2048.580275
OTROS / SIN CLASIFICAR,JUNIN,JAUJA,MUQUI,15.64876223
AGRICOLA,JUNIN,CHANCHAMAYO,SAN LUIS DE SHUARO,872.2624853
OTROS / SIN CLASIFICAR,HUANUCO,PUERTO INCA,CODO DEL POZUZO,3566.879891
PROTECCION,SAN MARTIN,PICOTA,CASPISAPA,432.5527362
AGRICOLA,CAJAMARCA,CHOTA,CHOROPAMPA,344.3518586
AGRICOLA,CAJAMARCA,CAJAMARCA,LLACANORA,2815.73675
PROTECCION,JUNIN,CONCEPCION,COMAS,81110.94413
AGRICOLA,ANCASH,SIHUAS,RAGASH,2743.430939
PROTECCION,ANCASH,CASMA,CASMA,112035.4687
PROTECCION,CAJAMARCA,SAN IGNACIO,SAN JOSE DE LOURDES,65590.13189
FORESTAL PRODUCTIVO,HUANUCO,PUERTO INCA,YUYAPICHIS,102953.9802
FORESTAL PRODUCTIVO,CAJAMARCA,SANTA CRUZ,ANDABAMBA,849.6392856
PROTECCION,ANCASH,HUARAZ,HUARAZ,31241.12562
PROTECCION,HUANUCO,PACHITEA,CHAGLLA,31386.7503
FORESTAL PRODUCTIVO,PASCO,PASCO,PALLANCHACRA,5530.818782
FORESTAL PRODUCTIVO,ANCASH,MARISCAL LUZURIAGA,LLAMA,2906.313207
PECUARIO,CAJAMARCA,CAJABAMBA,SITACOCHA,19279.3203
AGRICOLA,JUNIN,JAUJA,MUQUIYAUYO,730.1639323
PROTECCION,ANCASH,MARISCAL LUZURIAGA,CASCA,3400.473927
PROTECCION,ANCASH,HUARAZ,JANGAS,3006.497862
AGRICOLA,SAN MARTIN,PICOTA,CASPISAPA,386.7537957
PECUARIO,ANCASH,PALLASCA,CABANA,797.3544832
PROTECCION,JUNIN,HUANCAYO,SAPALLANGA,5887.446209
PROTECCION,CAJAMARCA,CONTUMAZA,YONAN,22576.20215
PECUARIO,CAJAMARCA,SAN PABLO,TUMBADEN,6517.156789
FORESTAL PRODUCTIVO,CAJAMARCA,JAEN,SALLIQUE,10634.37141
AGRICOLA,JUNIN,JUNIN,ONDORES,52.40857807
PROTECCION,CAJAMARCA,SAN MIGUEL,NIEPOS,2798.919626
AGRICOLA,SAN MARTIN,SAN MARTIN,CHAZUTA,882.155184
PECUARIO,HUANUCO,PACHITEA,PANAO,60620.58377
AGRICOLA,CAJAMARCA,CONTUMAZA,CUPISNIQUE,696.6112293
AGRICOLA,JUNIN,JAUJA,PANCAN,700.5503328
PECUARIO,JUNIN,TARMA,PALCA,1637.734833
FORESTAL PRODUCTIVO,CAJAMARCA,CUTERVO,LA RAMADA,4016.343334
FORESTAL PRODUCTIVO,PASCO,PASCO,SIMON BOLIVAR,31910.34625
AGRICOLA,JUNIN,CONCEPCION,ACO,803.3437279
PROTECCION,ANCASH,YUNGAY,QUILLO,37074.59555
PECUARIO,MADRE DE DIOS,MANU,FITZCARRALD,5.67237E-07
FORESTAL PRODUCTIVO,CAJAMARCA,CUTERVO,CUTERVO,15830.27065
PECUARIO,ANCASH,MARISCAL LUZURIAGA,FIDEL OLIVAS ESCUDERO,12.72858822
AGRICOLA,ANCASH,PALLASCA,PAMPAS,77.05395002
FORESTAL PRODUCTIVO,CAJAMARCA,SAN MIGUEL,SAN GREGORIO,13544.27944
PROTECCION,MADRE DE DIOS,TAMBOPATA,LABERINTO,52941.78813
FORESTAL PRODUCTIVO,MADRE DE DIOS,MANU,MANU,38447.26665
PROTECCION,ANCASH,CARLOS FERMIN FITZCARRALD,SAN NICOLAS,20011.34597
PROTECCION,ANCASH,PALLASCA,CONCHUCOS,51895.2065
PROTECCION,HUANUCO,DOS DE MAYO,PACHAS,1.20386E-05
AGRICOLA,JUNIN,HUANCAYO,SAPALLANGA,4119.422391
AGRICOLA,JUNIN,HUANCAYO,SICAYA,4030.405886
AGRICOLA,CAJAMARCA,SAN MIGUEL,LLAPA,28.06689518
PROTECCION,PASCO,PASCO,PALLANCHACRA,1729.995441
AGRICOLA,CAJAMARCA,SANTA CRUZ,YAUYUCAN,17.59506327
PROTECCION,JUNIN,HUANCAYO,CHUPURO,2156.276566
AGRICOLA,SAN MARTIN,LAMAS,SAN ROQUE DE CUMBAZA,84.32245942
PROTECCION,SAN MARTIN,TOCACHE,SHUNTE,73334.48338
AGRICOLA,JUNIN,SATIPO,PANGOA,34427.56051
AGRICOLA,JUNIN,JAUJA,JANJAILLO,48.51970492
PROTECCION,PASCO,PASCO,HUARIACA,7573.261842
PECUARIO,JUNIN,JAUJA,PANCAN,217.5689104
PROTECCION,ANCASH,MARISCAL LUZURIAGA,LLAMA,2002.663547
FORESTAL PRODUCTIVO,CAJAMARCA,SAN IGNACIO,SAN JOSE DE LOURDES,45451.34232
AGRICOLA,ANCASH,OCROS,OCROS,1816.18323
PROTECCION,ANCASH,OCROS,COCHAS,33865.73924
FORESTAL PRODUCTIVO,CAJAMARCA,CHOTA,COCHABAMBA,407.5746345
PECUARIO,JUNIN,HUANCAYO,VIQUES,55.43069665
AGRICOLA,SAN MARTIN,PICOTA,PUCACACA,1019.637502
PROTECCION,JUNIN,TARMA,PALCAMAYO,4881.25456
PROTECCION,JUNIN,JAUJA,PACA,1611.219164
AGRICOLA,JUNIN,TARMA,HUASAHUASI,555.0718603
FORESTAL PRODUCTIVO,PASCO,DANIEL ALCIDES CARRION,PAUCAR,5279.287392
PROTECCION,ANCASH,BOLOGNESI,HUASTA,36666.58889
PROTECCION,CAJAMARCA,CHOTA,COCHABAMBA,1309.527139
FORESTAL PRODUCTIVO,CAJAMARCA,JAEN,LAS PIRIAS,14.11514819
PROTECCION,JUNIN,JAUJA,CURICACA,5038.000579
AGRICOLA,SAN MARTIN,TOCACHE,UCHIZA,1206.975944
OTROS / SIN CLASIFICAR,JUNIN,CHANCHAMAYO,PERENE,913.3388229
AGRICOLA,MADRE DE DIOS,TAHUAMANU,IÑAPARI,24466.07905
FORESTAL PRODUCTIVO,PASCO,PASCO,HUARIACA,4741.710426
AGRICOLA,CAJAMARCA,SAN MIGUEL,NANCHOC,9129.625767
PROTECCION,SAN MARTIN,HUALLAGA,EL ESLABON,0.977694828
AGRICOLA,SAN MARTIN,HUALLAGA,SAPOSOA,303.6982403
PECUARIO,JUNIN,HUANCAYO,PUCARA,5030.961944
PROTECCION,JUNIN,JAUJA,MOLINOS,24502.92763
PROTECCION,CAJAMARCA,JAEN,PUCARA,7129.725491
FORESTAL PRODUCTIVO,MADRE DE DIOS,TAHUAMANU,IÑAPARI,580851.8412
PROTECCION,JUNIN,HUANCAYO,CHICCHE,0.69072688
FORESTAL PRODUCTIVO,SAN MARTIN,RIOJA,RIOJA,17124.21077
FORESTAL PRODUCTIVO,SAN MARTIN,LAMAS,LAMAS,12911.05755
PECUARIO,ANCASH,BOLOGNESI,AQUIA,1.415073859
PECUARIO,HUANUCO,MARAÑON,LA MORADA,511.9120393
PECUARIO,JUNIN,CONCEPCION,MANZANARES,1442.941606
FORESTAL PRODUCTIVO,CAJAMARCA,JAEN,POMAHUACA,39882.56452
AGRICOLA,ANCASH,RECUAY,PAMPAS CHICO,584.874831
PECUARIO,JUNIN,JAUJA,SAN LORENZO,663.1196765
FORESTAL PRODUCTIVO,SAN MARTIN,PICOTA,SHAMBOYACU,36498.55319
AGRICOLA,CAJAMARCA,SAN PABLO,TUMBADEN,26.60460528
PROTECCION,JUNIN,YAULI,MARCAPOMACOCHA,34598.06294
PROTECCION,ANCASH,PALLASCA,PAMPAS,14794.04306
FORESTAL PRODUCTIVO,CAJAMARCA,CAJAMARCA,SAN JUAN,3722.811738
PROTECCION,SAN MARTIN,SAN MARTIN,TARAPOTO,1314.564447
FORESTAL PRODUCTIVO,CAJAMARCA,SAN MIGUEL,CALQUIS,5883.643854
FORESTAL PRODUCTIVO,SAN MARTIN,SAN MARTIN,LA BANDA DE SHILCAYO,10318.6886
PECUARIO,CAJAMARCA,CELENDIN,UTCO,3035.927917
PECUARIO,JUNIN,JAUJA,EL MANTARO,431.0659552
PROTECCION,CAJAMARCA,CELENDIN,SOROCHUCO,3194.233708
FORESTAL PRODUCTIVO,ANCASH,HUARAZ,INDEPENDENCIA,11105.98363
AGRICOLA,CAJAMARCA,JAEN,COLASAY,16344.95341
PECUARIO,CAJAMARCA,CONTUMAZA,GUZMANGO,417.5747608
FORESTAL PRODUCTIVO,CAJAMARCA,CUTERVO,SOCOTA,7811.775545
PECUARIO,HUANUCO,LAURICOCHA,JIVIA,56.01901613
PROTECCION,CAJAMARCA,CHOTA,HUAMBOS,7124.468152
PROTECCION,PASCO,PASCO,HUAYLLAY,35746.98158
FORESTAL PRODUCTIVO,MADRE DE DIOS,TAMBOPATA,TAMBOPATA,886072.9096
FORESTAL PRODUCTIVO,CAJAMARCA,CHOTA,CONCHAN,11126.33836
AGRICOLA,ANCASH,HUAYLAS,SANTO TORIBIO,1616.146087
PECUARIO,JUNIN,JUNIN,JUNIN,53072.59171
AGRICOLA,HUANUCO,LEONCIO PRADO,DANIEL ALOMIA ROBLES,6514.559607
FORESTAL PRODUCTIVO,CAJAMARCA,HUALGAYOC,BAMBAMARCA,5267.250281
FORESTAL PRODUCTIVO,ANCASH,CORONGO,BAMBAS,339.5991455
PROTECCION,ANCASH,HUARI,UCO,4373.350516
AGRICOLA,CAJAMARCA,CELENDIN,MIGUEL IGLESIAS,367.6663547
PROTECCION,ANCASH,RECUAY,COTAPARACO,15156.60325
AGRICOLA,PASCO,OXAPAMPA,CONSTITUCION,23537.5762
PROTECCION,ANCASH,AIJA,HUACLLAN,1080.452889
PROTECCION,SAN MARTIN,SAN MARTIN,PAPAPLAYA,128.3123707
AGRICOLA,CAJAMARCA,SANTA CRUZ,UTICYACU,5.526939182
AGRICOLA,JUNIN,YAULI,SANTA ROSA DE SACCO,272.637521
PECUARIO,JUNIN,JAUJA,MONOBAMBA,3852.846429
PROTECCION,HUANUCO,HUANUCO,AMARILIS,5344.167455
OTROS / SIN CLASIFICAR,HUANUCO,LEONCIO PRADO,PUCAYACU,174.2359986
AGRICOLA,SAN MARTIN,PICOTA,SAN CRISTOBAL,377.5929851
AGRICOLA,ANCASH,AIJA,CORIS,3572.028319
PECUARIO,CAJAMARCA,CONTUMAZA,SANTA CRUZ DE TOLED,1898.041574
OTROS / SIN CLASIFICAR,SAN MARTIN,TOCACHE,NUEVO PROGRESO,292.3417804
FORESTAL PRODUCTIVO,SAN MARTIN,RIOJA,PARDO MIGUEL,26600.59019
PROTECCION,CAJAMARCA,CHOTA,CHIGUIRIP,1987.350992
PROTECCION,JUNIN,JAUJA,MUQUI,526.7787784
FORESTAL PRODUCTIVO,ANCASH,OCROS,SAN CRISTOBAL DE RAJAN,94.98682556
PROTECCION,HUANUCO,LAURICOCHA,JESUS,12018.54927
PROTECCION,ANCASH,HUARAZ,INDEPENDENCIA,23447.23345
PECUARIO,CAJAMARCA,SANTA CRUZ,PULAN,10661.64082
PROTECCION,JUNIN,YAULI,MOROCOCHA,16506.85145
FORESTAL PRODUCTIVO,ANCASH,PALLASCA,BOLOGNESI,4220.792043
AGRICOLA,HUANUCO,HUANUCO,AMARILIS,4723.405962
AGRICOLA,MADRE DE DIOS,TAHUAMANU,TAHUAMANU,40700.36856
PROTECCION,ANCASH,CARHUAZ,SHILLA,12323.20208
FORESTAL PRODUCTIVO,CAJAMARCA,CHOTA,CHIGUIRIP,1345.309966
PROTECCION,CAJAMARCA,CONTUMAZA,CUPISNIQUE,154.9693892
PROTECCION,PASCO,DANIEL ALCIDES CARRION,SAN PEDRO DE PILLAO,3058.572135
PECUARIO,HUANUCO,AMBO,AMBO,597.4950383
PROTECCION,JUNIN,TARMA,ACOBAMBA,5433.498214
PROTECCION,CAJAMARCA,SANTA CRUZ,CHANCAYBAÑOS,1593.76212
AGRICOLA,CAJAMARCA,SAN MIGUEL,SAN MIGUEL,546.9754303
FORESTAL PRODUCTIVO,SAN MARTIN,PICOTA,TRES UNIDOS,34512.56903
OTROS / SIN CLASIFICAR,JUNIN,SATIPO,VIZCATÁN DEL ENE,1197.470023
PROTECCION,JUNIN,JAUJA,MARCO,967.1359206
OTROS / SIN CLASIFICAR,JUNIN,JUNIN,JUNIN,83.43637456
AGRICOLA,CAJAMARCA,CUTERVO,CHOROS,8787.33067
PECUARIO,HUANUCO,HUANUCO,SANTA MARIA DEL VALLE,17155.96404
FORESTAL PRODUCTIVO,SAN MARTIN,TOCACHE,SANTA LUCIA,24322.62017
PROTECCION,HUANUCO,YAROWILCA,APARICIO POMARES,1.789862672
PECUARIO,JUNIN,CHUPACA,HUACHAC,450.4490942
PROTECCION,CAJAMARCA,CAJAMARCA,ENCAÑADA,26995.16538
AGRICOLA,SAN MARTIN,MOYOBAMBA,JEPELACIO,119.7907387
FORESTAL PRODUCTIVO,SAN MARTIN,HUALLAGA,SACANCHE,15978.54781
PECUARIO,PASCO,OXAPAMPA,PUERTO BERMUDEZ,5120.317489
AGRICOLA,SAN MARTIN,TOCACHE,SHUNTE,48.74718124
FORESTAL PRODUCTIVO,SAN MARTIN,MARISCAL CACERES,PAJARILLO,44236.1448
FORESTAL PRODUCTIVO,CAJAMARCA,CHOTA,ANGUIA,6128.468753
PROTECCION,JUNIN,YAULI,HUAY-HUAY,16899.78708
FORESTAL PRODUCTIVO,CAJAMARCA,SAN MIGUEL,SAN SILVESTRE DE COCHAN,516.6276734
PROTECCION,SAN MARTIN,PICOTA,SHAMBOYACU,2740.656628
FORESTAL PRODUCTIVO,HUANUCO,PUERTO INCA,PUERTO INCA,67111.51199
PROTECCION,CAJAMARCA,CHOTA,CONCHAN,635.5478186
AGRICOLA,CAJAMARCA,CHOTA,PACCHA,49.34300642
PROTECCION,PASCO,DANIEL ALCIDES CARRION,PAUCAR,5469.362796
OTROS / SIN CLASIFICAR,PASCO,PASCO,HUAYLLAY,26.64296862
PROTECCION,ANCASH,CORONGO,YUPAN,8490.566765
OTROS / SIN CLASIFICAR,JUNIN,SATIPO,RIO TAMBO,11875.59282
PROTECCION,CAJAMARCA,JAEN,BELLAVISTA,36983.66614
PECUARIO,JUNIN,CONCEPCION,SAN JOSE DE QUERO,28516.85851
FORESTAL PRODUCTIVO,MADRE DE DIOS,TAHUAMANU,IBERIA,223804.2301
PROTECCION,HUANUCO,LEONCIO PRADO,JOSE CRESPO Y CASTILLO,38538.69073
PECUARIO,JUNIN,CHUPACA,SAN JUAN DE ISCOS,986.0646002
AGRICOLA,MADRE DE DIOS,TAMBOPATA,INAMBARI,223772.0978
FORESTAL PRODUCTIVO,SAN MARTIN,LAMAS,SAN ROQUE DE CUMBAZA,48979.62075
PROTECCION,CAJAMARCA,JAEN,HUABAL,9.394005072
AGRICOLA,CAJAMARCA,CELENDIN,SOROCHUCO,74.03897234
PECUARIO,CAJAMARCA,CUTERVO,CHOROS,2782.942837
PECUARIO,JUNIN,SATIPO,PANGOA,2631.341087
FORESTAL PRODUCTIVO,ANCASH,POMABAMBA,POMABAMBA,16478.05162
PROTECCION,JUNIN,JAUJA,SINCOS,4260.788673
FORESTAL PRODUCTIVO,HUANUCO,MARAÑON,CHOLON,82677.90436
FORESTAL PRODUCTIVO,JUNIN,CHANCHAMAYO,PICHANAQUI,2780.730164
PROTECCION,ANCASH,BOLOGNESI,COLQUIOC,29420.22938
FORESTAL PRODUCTIVO,CAJAMARCA,SAN MIGUEL,NANCHOC,12114.85721
AGRICOLA,CAJAMARCA,SAN IGNACIO,CHIRINOS,17757.66471
PECUARIO,HUANUCO,PUERTO INCA,HONORIA,9355.714837
FORESTAL PRODUCTIVO,HUANUCO,HUAMALIES,MIRAFLORES,8.14644E-06
PROTECCION,HUANUCO,YAROWILCA,CHORAS,0.003925095
PROTECCION,JUNIN,HUANCAYO,CULLHUAS,6016.107394
PROTECCION,CAJAMARCA,CHOTA,QUEROCOTO,16805.88332
PROTECCION,ANCASH,HUAYLAS,CARAZ,21414.38927
FORESTAL PRODUCTIVO,SAN MARTIN,LAMAS,CAYNARACHI,78763.94885
PECUARIO,SAN MARTIN,TOCACHE,SHUNTE,2.56213E-07
FORESTAL PRODUCTIVO,SAN MARTIN,EL DORADO,SANTA ROSA,24731.64411
PROTECCION,HUANUCO,AMBO,CAYNA,30.04111567
FORESTAL PRODUCTIVO,MADRE DE DIOS,MANU,HUEPETUHE,57671.93902
PROTECCION,CAJAMARCA,SAN MIGUEL,UNION AGUA BLANCA,13987.33639
PECUARIO,CAJAMARCA,CHOTA,CHOTA,2539.502419
FORESTAL PRODUCTIVO,CAJAMARCA,SAN MARCOS,JOSE MANUEL QUIROZ,1279.720029
PROTECCION,CAJAMARCA,JAEN,SANTA ROSA,5594.046241
PROTECCION,PASCO,OXAPAMPA,PUERTO BERMUDEZ,656112.2318
PROTECCION,JUNIN,JUNIN,JUNIN,33376.66758
PECUARIO,JUNIN,CHANCHAMAYO,SAN LUIS DE SHUARO,2.54693E-05
PROTECCION,ANCASH,HUARI,HUACHIS,6499.414337
PROTECCION,JUNIN,TARMA,SAN PEDRO DE CAJAS,26805.8452
FORESTAL PRODUCTIVO,HUANUCO,LEONCIO PRADO,JOSE CRESPO Y CASTILLO,84702.62908
PROTECCION,ANCASH,CORONGO,CORONGO,13398.26621
AGRICOLA,JUNIN,CHANCHAMAYO,PERENE,9050.871481
AGRICOLA,ANCASH,RECUAY,HUAYLLAPAMPA,1733.638407
OTROS / SIN CLASIFICAR,JUNIN,HUANCAYO,SAN AGUSTIN,94.30609786
PECUARIO,CAJAMARCA,SAN IGNACIO,LA COIPA,4996.015294
FORESTAL PRODUCTIVO,ANCASH,HUARAZ,JANGAS,3219.930247
OTROS / SIN CLASIFICAR,HUANUCO,HUAMALIES,MONZON,199.8436394
PROTECCION,HUANUCO,LEONCIO PRADO,RUPA-RUPA,1339.124055
FORESTAL PRODUCTIVO,JUNIN,SATIPO,SATIPO,241.5363753
PROTECCION,JUNIN,JAUJA,HUAMALI,439.446661
AGRICOLA,HUANUCO,HUANUCO,CHURUBAMBA,3390.500404
AGRICOLA,JUNIN,JAUJA,RICRAN,90.21223444
PROTECCION,ANCASH,PALLASCA,LLAPO,2223.602494
AGRICOLA,SAN MARTIN,SAN MARTIN,LA BANDA DE SHILCAYO,1673.859285
FORESTAL PRODUCTIVO,ANCASH,MARISCAL LUZURIAGA,PISCOBAMBA,2690.168682
PECUARIO,CAJAMARCA,SAN MIGUEL,TONGOD,9532.394428
AGRICOLA,ANCASH,HUARMEY,HUARMEY,13977.32561
AGRICOLA,JUNIN,TARMA,LA UNION,536.350376
PROTECCION,CAJAMARCA,SAN PABLO,SAN LUIS,127.4692576
FORESTAL PRODUCTIVO,HUANUCO,HUANUCO,CHURUBAMBA,14095.55977
FORESTAL PRODUCTIVO,HUANUCO,HUAMALIES,TANTAMAYO,6.08652E-06
PECUARIO,PASCO,PASCO,TINYAHUARCO,5701.77368
FORESTAL PRODUCTIVO,PASCO,OXAPAMPA,CONSTITUCION,63335.6855
PECUARIO,PASCO,PASCO,SAN FRANCISCO DE ASIS DE YARUSYACAN,1.829340993
FORESTAL PRODUCTIVO,CAJAMARCA,JAEN,SAN JOSE DEL ALTO,21441.07485
AGRICOLA,JUNIN,SATIPO,PAMPA HERMOSA,1004.95008
AGRICOLA,JUNIN,CONCEPCION,HEROINAS TOLEDO,400.8209384
AGRICOLA,SAN MARTIN,TOCACHE,SANTA LUCIA,2367.355765
FORESTAL PRODUCTIVO,SAN MARTIN,MOYOBAMBA,YANTALO,6714.645152
AGRICOLA,CAJAMARCA,CAJABAMBA,SITACOCHA,3065.936877
PECUARIO,CAJAMARCA,JAEN,SAN FELIPE,2437.374231
FORESTAL PRODUCTIVO,CAJAMARCA,CUTERVO,CUJILLO,4502.051205
FORESTAL PRODUCTIVO,CAJAMARCA,JAEN,SANTA ROSA,10076.44731
FORESTAL PRODUCTIVO,SAN MARTIN,MARISCAL CACERES,JUANJUI,42241.44821
FORESTAL PRODUCTIVO,HUANUCO,LEONCIO PRADO,SANTO DOMINGO DE ANDA,19264.20052
PECUARIO,JUNIN,HUANCAYO,HUANCAYO,5591.153642
PROTECCION,HUANUCO,LEONCIO PRADO,HERMILIO VALDIZAN,186.2075957
PROTECCION,JUNIN,JAUJA,JANJAILLO,2305.096573
PROTECCION,ANCASH,SANTA,NUEVO CHIMBOTE,32157.06444
PROTECCION,JUNIN,JAUJA,TUNAN MARCA,3.858471775
PECUARIO,CAJAMARCA,CAJAMARCA,COSPAN,21292.82631
PECUARIO,JUNIN,JAUJA,MUQUIYAUYO,962.4693386
FORESTAL PRODUCTIVO,SAN MARTIN,SAN MARTIN,SAUCE,9618.078882
AGRICOLA,ANCASH,HUARAZ,COLCABAMBA,247.1564154
FORESTAL PRODUCTIVO,CAJAMARCA,CAJAMARCA,JESUS,3799.246817
PECUARIO,JUNIN,CHUPACA,SAN JUAN DE JARPA,11957.67489
PROTECCION,JUNIN,HUANCAYO,HUASICANCHA,5.6951555
PECUARIO,CAJAMARCA,JAEN,PUCARA,4718.30615
PROTECCION,SAN MARTIN,MOYOBAMBA,CALZADA,5.275574679
PROTECCION,JUNIN,SATIPO,RIO TAMBO,774429.4736
FORESTAL PRODUCTIVO,HUANUCO,HUACAYBAMBA,CANCHABAMBA,876.8174619
FORESTAL PRODUCTIVO,JUNIN,SATIPO,RIO NEGRO,4368.338537
FORESTAL PRODUCTIVO,ANCASH,MARISCAL LUZURIAGA,LUCMA,5446.324384
PROTECCION,ANCASH,CORONGO,LA PAMPA,9467.233366
PROTECCION,PASCO,DANIEL ALCIDES CARRION,SANTA ANA DE TUSI,13749.42003
OTROS / SIN CLASIFICAR,ANCASH,POMABAMBA,QUINUABAMBA,37.86786333
FORESTAL PRODUCTIVO,CAJAMARCA,CHOTA,CHOTA,16642.20226
PROTECCION,CAJAMARCA,CAJABAMBA,CAJABAMBA,3907.417555
OTROS / SIN CLASIFICAR,JUNIN,JAUJA,ATAURA,76.492275
AGRICOLA,CAJAMARCA,SAN MARCOS,PEDRO GALVEZ,8139.035351
PROTECCION,HUANUCO,LEONCIO PRADO,SANTO DOMINGO DE ANDA,415.1253926
PROTECCION,ANCASH,OCROS,SAN PEDRO,51539.81533
PROTECCION,CAJAMARCA,CHOTA,CHOTA,1600.569275
PROTECCION,MADRE DE DIOS,TAHUAMANU,IBERIA,20.24680499
PROTECCION,CAJAMARCA,SANTA CRUZ,SANTA CRUZ,2166.259301
PROTECCION,JUNIN,JAUJA,LLOCLLAPAMPA,6881.227123
FORESTAL PRODUCTIVO,HUANUCO,HUAMALIES,CHAVIN DE PARIARCA,3.62125E-06
OTROS / SIN CLASIFICAR,JUNIN,JAUJA,MUQUIYAUYO,56.71866938
PECUARIO,JUNIN,JUNIN,ONDORES,20517.03385
AGRICOLA,MADRE DE DIOS,TAMBOPATA,LABERINTO,107224.1191
PECUARIO,CAJAMARCA,SAN IGNACIO,TABACONAS,5740.78759
PROTECCION,ANCASH,PALLASCA,CABANA,7902.846283
AGRICOLA,SAN MARTIN,RIOJA,POSIC,114.3039248
PROTECCION,JUNIN,CHANCHAMAYO,SAN RAMON,58437.19617
AGRICOLA,CAJAMARCA,SAN IGNACIO,NAMBALLE,12948.68861
PROTECCION,ANCASH,HUARMEY,MALVAS,15163.13521
OTROS / SIN CLASIFICAR,JUNIN,CHANCHAMAYO,PICHANAQUI,661.0197866
PROTECCION,ANCASH,HUAYLAS,HUATA,5910.902241
FORESTAL PRODUCTIVO,SAN MARTIN,HUALLAGA,EL ESLABON,12343.64253
PECUARIO,ANCASH,PALLASCA,PAMPAS,13855.84416
PROTECCION,HUANUCO,LEONCIO PRADO,PUEBLO NUEVO,22.02100698
PROTECCION,CAJAMARCA,CUTERVO,TORIBIO CASANOVA,7132.742101
PECUARIO,CAJAMARCA,CUTERVO,SOCOTA,10.90885246
AGRICOLA,CAJAMARCA,SAN PABLO,SAN PABLO,506.6396204
PROTECCION,SAN MARTIN,RIOJA,ELIAS SOPLIN VARGAS,7353.603046
OTROS / SIN CLASIFICAR,ANCASH,MARISCAL LUZURIAGA,FIDEL OLIVAS ESCUDERO,72.68833758
PECUARIO,ANCASH,POMABAMBA,QUINUABAMBA,3.717485093
AGRICOLA,CAJAMARCA,CUTERVO,SAN JUAN DE CUTERVO,18.08218265
FORESTAL PRODUCTIVO,HUANUCO,HUANUCO,QUISQUI (KICHKI),4365.294662
PECUARIO,JUNIN,CHUPACA,AHUAC,2950.210699
AGRICOLA,SAN MARTIN,LAMAS,ZAPATERO,36.73526932
PECUARIO,CAJAMARCA,CHOTA,CHOROPAMPA,47.70958147
AGRICOLA,JUNIN,CONCEPCION,COMAS,1401.195444
PECUARIO,JUNIN,TARMA,TARMA,11030.23754
FORESTAL PRODUCTIVO,MADRE DE DIOS,TAMBOPATA,INAMBARI,43295.16757
PROTECCION,JUNIN,JAUJA,MONOBAMBA,82761.73127
FORESTAL PRODUCTIVO,ANCASH,HUARI,MASIN,4764.961339
AGRICOLA,HUANUCO,HUANUCO,SAN PEDRO DE CHAULAN,1682.190313
PROTECCION,JUNIN,CHUPACA,SAN JUAN DE ISCOS,899.9935349
PROTECCION,CAJAMARCA,CAJAMARCA,LLACANORA,1698.544469
PROTECCION,ANCASH,CARHUAZ,ACOPAMPA,1457.25875
FORESTAL PRODUCTIVO,HUANUCO,HUANUCO,SAN PEDRO DE CHAULAN,6415.901969
FORESTAL PRODUCTIVO,CAJAMARCA,CELENDIN,JOSE GALVEZ,3485.635647
AGRICOLA,JUNIN,TARMA,TARMA,1281.751736
FORESTAL PRODUCTIVO,CAJAMARCA,CONTUMAZA,CONTUMAZA,860.6129906
PECUARIO,JUNIN,YAULI,MARCAPOMACOCHA,52065.91912
PROTECCION,CAJAMARCA,CHOTA,CHIMBAN,2357.570947
AGRICOLA,CAJAMARCA,SAN MIGUEL,CALQUIS,34.44521442
AGRICOLA,CAJAMARCA,CONTUMAZA,YONAN,6823.59464
PROTECCION,ANCASH,HUARI,HUANTAR,11171.72507
FORESTAL PRODUCTIVO,ANCASH,ANTONIO RAYMONDI,SAN JUAN DE RONTOY,2339.634368
FORESTAL PRODUCTIVO,CAJAMARCA,CELENDIN,CELENDIN,8485.771592
AGRICOLA,CAJAMARCA,SANTA CRUZ,CHANCAYBAÑOS,448.8858955
PECUARIO,JUNIN,HUANCAYO,SANTO DOMINGO DE ACOBAMBA,1780.300988
PECUARIO,JUNIN,SATIPO,LLAYLLA,246.50177
AGRICOLA,MADRE DE DIOS,MANU,FITZCARRALD,63920.50519
PROTECCION,CAJAMARCA,SANTA CRUZ,NINABAMBA,28.11958088
FORESTAL PRODUCTIVO,ANCASH,HUARI,UCO,815.0815856
AGRICOLA,CAJAMARCA,SAN MARCOS,JOSE MANUEL QUIROZ,164.9284628
PECUARIO,JUNIN,YAULI,PACCHA,3394.395247
PECUARIO,CAJAMARCA,CUTERVO,SANTO TOMAS,10611.62643
PROTECCION,ANCASH,POMABAMBA,POMABAMBA,17561.25731
AGRICOLA,CAJAMARCA,HUALGAYOC,CHUGUR,11.92422659
PECUARIO,PASCO,PASCO,VICCO,2870.424552
PROTECCION,SAN MARTIN,BELLAVISTA,BAJO BIAVO,5351.376973
PROTECCION,HUANUCO,AMBO,SAN RAFAEL,2743.299823
PROTECCION,ANCASH,HUAYLAS,SANTO TORIBIO,6822.85872
FORESTAL PRODUCTIVO,CAJAMARCA,CHOTA,SAN JUAN DE LICUPIS,5104.808003
PROTECCION,CAJAMARCA,CAJAMARCA,CHETILLA,2588.887466
PECUARIO,JUNIN,CONCEPCION,CHAMBARA,7076.283696
PROTECCION,SAN MARTIN,MARISCAL CACERES,PAJARILLO,118.7287445
PROTECCION,JUNIN,CHUPACA,AHUAC,2571.666747
OTROS / SIN CLASIFICAR,PASCO,OXAPAMPA,CONSTITUCION,16.39709077
PROTECCION,JUNIN,HUANCAYO,EL TAMBO,3337.597096
AGRICOLA,CAJAMARCA,CHOTA,MIRACOSTA,709.5577748
PROTECCION,JUNIN,JAUJA,PACCHA,2928.989235
AGRICOLA,ANCASH,CORONGO,CUSCA,87.52947335
FORESTAL PRODUCTIVO,HUANUCO,LEONCIO PRADO,CASTILLO GRANDE,2684.422148
PROTECCION,ANCASH,BOLOGNESI,HUALLANCA,79700.30181
AGRICOLA,JUNIN,JAUJA,POMACANCHA,775.9369426
PROTECCION,CAJAMARCA,CUTERVO,PIMPINGOS,2509.622217
PROTECCION,JUNIN,HUANCAYO,QUICHUAY,419.1650317
FORESTAL PRODUCTIVO,HUANUCO,AMBO,SAN RAFAEL,22.27652706
PECUARIO,JUNIN,TARMA,PALCAMAYO,11477.44387
PROTECCION,HUANUCO,AMBO,TOMAY KICHWA,489.226696
FORESTAL PRODUCTIVO,CAJAMARCA,CHOTA,TOCMOCHE,9696.663583
AGRICOLA,HUANUCO,MARAÑON,SAN BUENAVENTURA,398.8195496
AGRICOLA,CAJAMARCA,SANTA CRUZ,LA ESPERANZA,136.4420767
FORESTAL PRODUCTIVO,SAN MARTIN,SAN MARTIN,CACATACHI,4902.261863
PROTECCION,CAJAMARCA,CHOTA,TOCMOCHE,11515.0852
AGRICOLA,PASCO,OXAPAMPA,VILLA RICA,1.720032866
FORESTAL PRODUCTIVO,CAJAMARCA,SANTA CRUZ,SANTA CRUZ,947.4685937
AGRICOLA,SAN MARTIN,EL DORADO,SAN MARTIN,65.94798036
PECUARIO,ANCASH,RECUAY,RECUAY,3616.959022
PROTECCION,CAJAMARCA,CAJAMARCA,JESUS,1949.038926
FORESTAL PRODUCTIVO,CAJAMARCA,SAN IGNACIO,LA COIPA,15513.46047
PECUARIO,CAJAMARCA,CELENDIN,CELENDIN,7088.058647
PROTECCION,ANCASH,BOLOGNESI,CANIS,1984.26043
PROTECCION,HUANUCO,LAURICOCHA,SAN MIGUEL DE CAURI,3797.939319
AGRICOLA,JUNIN,CHANCHAMAYO,CHANCHAMAYO,2560.211554
PROTECCION,HUANUCO,AMBO,SAN FRANCISCO,2.79978E-05
FORESTAL PRODUCTIVO,HUANUCO,HUANUCO,SAN PABLO DE PILLAO,10362.66998
OTROS / SIN CLASIFICAR,JUNIN,HUANCAYO,CHILCA,49.13566274
PECUARIO,CAJAMARCA,CAJAMARCA,JESUS,17835.8297
OTROS / SIN CLASIFICAR,JUNIN,JAUJA,HUAMALI,69.16613342
PROTECCION,ANCASH,HUARI,MASIN,2757.213315
FORESTAL PRODUCTIVO,ANCASH,ANTONIO RAYMONDI,CHACCHO,2462.22976
OTROS / SIN CLASIFICAR,JUNIN,CONCEPCION,MITO,151.789943
FORESTAL PRODUCTIVO,ANCASH,RECUAY,CATAC,2354.033186
PROTECCION,ANCASH,OCROS,SANTIAGO DE CHILCAS,8870.249833
AGRICOLA,SAN MARTIN,PICOTA,PILLUANA,204.4410342
FORESTAL PRODUCTIVO,CAJAMARCA,SAN PABLO,SAN BERNARDINO,229.2583451
AGRICOLA,CAJAMARCA,CUTERVO,SANTA CRUZ,361.2796216
FORESTAL PRODUCTIVO,CAJAMARCA,SAN IGNACIO,CHIRINOS,3382.12969
PECUARIO,JUNIN,HUANCAYO,CULLHUAS,3414.11489
FORESTAL PRODUCTIVO,SAN MARTIN,HUALLAGA,SAPOSOA,50146.27425
PROTECCION,ANCASH,SIHUAS,SIHUAS,1097.945849
AGRICOLA,JUNIN,CONCEPCION,COCHAS,347.463023
FORESTAL PRODUCTIVO,SAN MARTIN,EL DORADO,SHATOJA,6129.321724
PECUARIO,ANCASH,SANTA,NEPEÑA,3677.983294
AGRICOLA,JUNIN,SATIPO,LLAYLLA,4809.605885
PROTECCION,SAN MARTIN,SAN MARTIN,CHIPURANA,27.14996289
FORESTAL PRODUCTIVO,HUANUCO,LEONCIO PRADO,PUEBLO NUEVO,18380.40469
PECUARIO,CAJAMARCA,SAN IGNACIO,SAN IGNACIO,51.40984694
PROTECCION,CAJAMARCA,SANTA CRUZ,SEXI,17084.47377
PROTECCION,ANCASH,HUARAZ,PAMPAS GRANDE,35167.18601
PECUARIO,HUANUCO,AMBO,CAYNA,32.59280026
FORESTAL PRODUCTIVO,HUANUCO,AMBO,CAYNA,18.02077168
PROTECCION,JUNIN,CHANCHAMAYO,PERENE,139054.6639
PROTECCION,ANCASH,CARHUAZ,SAN MIGUEL DE ACO,10742.49478
PROTECCION,HUANUCO,HUAMALIES,MONZON,20848.0577
PECUARIO,CAJAMARCA,CELENDIN,OXAMARCA,11950.97353
AGRICOLA,CAJAMARCA,JAEN,SANTA ROSA,10833.2802
PROTECCION,PASCO,OXAPAMPA,PALCAZU,193211.9011
PECUARIO,JUNIN,YAULI,SANTA BARBARA DE CARHUACAYAN,57811.64464
FORESTAL PRODUCTIVO,ANCASH,RECUAY,RECUAY,4715.904804
FORESTAL PRODUCTIVO,ANCASH,BOLOGNESI,CANIS,89.06685584
PROTECCION,ANCASH,SIHUAS,CHINGALPO,17345.28156
AGRICOLA,HUANUCO,LAURICOCHA,SAN MIGUEL DE CAURI,12.87405148
FORESTAL PRODUCTIVO,JUNIN,SATIPO,MAZAMARI,2231.217813
AGRICOLA,HUANUCO,PUERTO INCA,HONORIA,70378.17354
FORESTAL PRODUCTIVO,SAN MARTIN,SAN MARTIN,TARAPOTO,2924.601914
PROTECCION,CAJAMARCA,CAJAMARCA,MAGDALENA,4681.928233
PROTECCION,ANCASH,HUARMEY,COCHAPETI,7620.083175
PROTECCION,SAN MARTIN,RIOJA,POSIC,1208.126959
PROTECCION,SAN MARTIN,MARISCAL CACERES,PACHIZA,54454.56559
PECUARIO,CAJAMARCA,CELENDIN,MIGUEL IGLESIAS,23555.77368
FORESTAL PRODUCTIVO,PASCO,DANIEL ALCIDES CARRION,CHACAYAN,2922.358891
AGRICOLA,JUNIN,SATIPO,RIO TAMBO,110648.7731
PROTECCION,ANCASH,PALLASCA,SANTA ROSA,29003.77734
PECUARIO,JUNIN,HUANCAYO,CHUPURO,1663.210252
AGRICOLA,SAN MARTIN,RIOJA,RIOJA,829.6088691
AGRICOLA,CAJAMARCA,SAN IGNACIO,TABACONAS,44.97238498
AGRICOLA,CAJAMARCA,CHOTA,TOCMOCHE,407.8660383
PECUARIO,CAJAMARCA,CONTUMAZA,CHILETE,5246.711065
AGRICOLA,CAJAMARCA,CUTERVO,PIMPINGOS,71.21339813
PECUARIO,ANCASH,HUARAZ,OLLEROS,1253.174327
PROTECCION,JUNIN,HUANCAYO,CHILCA,1036.382052
AGRICOLA,CAJAMARCA,CONTUMAZA,GUZMANGO,4.550817478
PECUARIO,CAJAMARCA,SAN PABLO,SAN LUIS,4067.406134
AGRICOLA,HUANUCO,PUERTO INCA,TOURNAVISTA,88793.23745
PROTECCION,SAN MARTIN,SAN MARTIN,EL PORVENIR,6792.822063
PROTECCION,JUNIN,JAUJA,LEONOR ORDOÑEZ,684.1630276
PECUARIO,HUANUCO,MARAÑON,HUACRACHUCO,22389.36115
AGRICOLA,CAJAMARCA,CHOTA,QUEROCOTO,346.6738535
PROTECCION,ANCASH,CARHUAZ,ATAQUERO,3744.563856
PROTECCION,ANCASH,HUAYLAS,HUAYLAS,4845.423177
AGRICOLA,JUNIN,JAUJA,MUQUI,530.7724004
AGRICOLA,CAJAMARCA,SAN MARCOS,EDUARDO VILLANUEVA,1956.131294
AGRICOLA,JUNIN,JUNIN,ULCUMAYO,13.11108992
FORESTAL PRODUCTIVO,CAJAMARCA,JAEN,COLASAY,9305.700798
AGRICOLA,SAN MARTIN,BELLAVISTA,BELLAVISTA,2016.253002
PECUARIO,CAJAMARCA,CONTUMAZA,CUPISNIQUE,6307.89263
AGRICOLA,CAJAMARCA,CELENDIN,LA LIBERTAD DE PALLAN,461.4367032
PROTECCION,ANCASH,CASMA,YAUTAN,36208.01213
FORESTAL PRODUCTIVO,ANCASH,ASUNCION,CHACAS,5244.041507
PROTECCION,ANCASH,PALLASCA,TAUCA,11712.84323
AGRICOLA,HUANUCO,PUERTO INCA,PUERTO INCA,121153.9311
OTROS / SIN CLASIFICAR,JUNIN,YAULI,MARCAPOMACOCHA,57.75936643
PROTECCION,CAJAMARCA,SAN IGNACIO,TABACONAS,31517.4799
OTROS / SIN CLASIFICAR,JUNIN,CONCEPCION,MATAHUASI,172.4629213
AGRICOLA,CAJAMARCA,JAEN,POMAHUACA,2219.672397
PROTECCION,SAN MARTIN,RIOJA,NUEVA CAJAMARCA,13650.68778
FORESTAL PRODUCTIVO,HUANUCO,LEONCIO PRADO,DANIEL ALOMIA ROBLES,46887.06262
PROTECCION,CAJAMARCA,CHOTA,MIRACOSTA,24835.5576
FORESTAL PRODUCTIVO,CAJAMARCA,CUTERVO,TORIBIO CASANOVA,1.660518644
OTROS / SIN CLASIFICAR,HUANUCO,MARAÑON,LA MORADA,638.4303862
PROTECCION,ANCASH,HUARI,CHAVIN DE HUANTAR,35177.24518
FORESTAL PRODUCTIVO,JUNIN,YAULI,SANTA BARBARA DE CARHUACAYAN,5.29265E-06
PROTECCION,ANCASH,SIHUAS,SAN JUAN,8724.310522
PROTECCION,ANCASH,BOLOGNESI,LA PRIMAVERA,1562.443115
PROTECCION,JUNIN,CONCEPCION,ACO,16.32651839
AGRICOLA,HUANUCO,LEONCIO PRADO,LUYANDO,8723.879286
PECUARIO,CAJAMARCA,CHOTA,TACABAMBA,3598.113492
PROTECCION,JUNIN,HUANCAYO,CHACAPAMPA,35.703017
FORESTAL PRODUCTIVO,CAJAMARCA,JAEN,BELLAVISTA,8470.201518
AGRICOLA,CAJAMARCA,SAN MIGUEL,SAN SILVESTRE DE COCHAN,24.74381674
OTROS / SIN CLASIFICAR,JUNIN,HUANCAYO,SAN JERONIMO DE TUNAN,79.5653251
PROTECCION,ANCASH,HUARI,HUARI,30294.72379
PROTECCION,ANCASH,SIHUAS,CASHAPAMPA,874.0501946
OTROS / SIN CLASIFICAR,PASCO,PASCO,VICCO,211.6743834
OTROS / SIN CLASIFICAR,HUANUCO,PACHITEA,CHAGLLA,60.69806751
PECUARIO,CAJAMARCA,SAN MARCOS,ICHOCAN,6.209365941
PROTECCION,SAN MARTIN,LAMAS,ALONSO DE ALVARADO,58.41726921
PROTECCION,JUNIN,JAUJA,RICRAN,20697.61776
AGRICOLA,SAN MARTIN,LAMAS,LAMAS,32.21047197
PROTECCION,ANCASH,ANTONIO RAYMONDI,ACZO,4063.51334
AGRICOLA,JUNIN,JAUJA,SINCOS,960.05246
OTROS / SIN CLASIFICAR,JUNIN,HUANCAYO,SANTO DOMINGO DE ACOBAMBA,75.84303666
AGRICOLA,PASCO,OXAPAMPA,HUANCABAMBA,228.7553057
FORESTAL PRODUCTIVO,CAJAMARCA,CUTERVO,SAN LUIS DE LUCMA,2351.87489
FORESTAL PRODUCTIVO,CAJAMARCA,CAJAMARCA,CAJAMARCA,24879.92879
PROTECCION,CAJAMARCA,SAN MARCOS,ICHOCAN,4977.90078
PECUARIO,CAJAMARCA,SAN MIGUEL,EL PRADO,1689.434413
AGRICOLA,SAN MARTIN,HUALLAGA,PISCOYACU,94.24117417
PROTECCION,SAN MARTIN,SAN MARTIN,ALBERTO LEVEAU,7.641922989
AGRICOLA,CAJAMARCA,CHOTA,COCHABAMBA,8725.243
PROTECCION,CAJAMARCA,SANTA CRUZ,UTICYACU,3.811494809
PROTECCION,ANCASH,HUAYLAS,HUALLANCA,19513.13993
PROTECCION,HUANUCO,YAROWILCA,CHAVINILLO,12.29565727
PROTECCION,SAN MARTIN,TOCACHE,UCHIZA,10345.67774
FORESTAL PRODUCTIVO,HUANUCO,HUANUCO,CHINCHAO,15323.21625
PECUARIO,PASCO,PASCO,CHAUPIMARCA,1374.857365
OTROS / SIN CLASIFICAR,JUNIN,HUANCAYO,EL TAMBO,69.81769485
AGRICOLA,JUNIN,CONCEPCION,CHAMBARA,1572.729335
PECUARIO,CAJAMARCA,SAN PABLO,SAN PABLO,10483.27571
PROTECCION,ANCASH,PALLASCA,LACABAMBA,666.4257855
PROTECCION,SAN MARTIN,SAN MARTIN,CHAZUTA,42317.84242
PECUARIO,HUANUCO,MARAÑON,SAN BUENAVENTURA,1885.902864
FORESTAL PRODUCTIVO,CAJAMARCA,CELENDIN,SUCRE,12227.58988
AGRICOLA,CAJAMARCA,CONTUMAZA,CHILETE,548.5441069
AGRICOLA,JUNIN,TARMA,PALCA,814.0471019
FORESTAL PRODUCTIVO,CAJAMARCA,JAEN,CHONTALI,20829.99422
AGRICOLA,SAN MARTIN,MOYOBAMBA,CALZADA,174.0539909
PROTECCION,HUANUCO,LEONCIO PRADO,MARIANO DAMASO BERAUN,16946.62742
FORESTAL PRODUCTIVO,CAJAMARCA,CAJAMARCA,LOS BAÑOS DEL INCA,14362.0746
PROTECCION,HUANUCO,HUANUCO,HUANUCO,5439.39833
FORESTAL PRODUCTIVO,HUANUCO,HUANUCO,AMARILIS,465.721842
AGRICOLA,CAJAMARCA,CELENDIN,CORTEGANA,7.661462718
OTROS / SIN CLASIFICAR,HUANUCO,HUANUCO,MARGOS,20.32651636
PECUARIO,CAJAMARCA,CONTUMAZA,YONAN,13.41557388
AGRICOLA,JUNIN,JAUJA,APATA,2246.102236
AGRICOLA,ANCASH,CARHUAZ,CARHUAZ,1.310895713
FORESTAL PRODUCTIVO,PASCO,OXAPAMPA,HUANCABAMBA,23.93578814
AGRICOLA,CAJAMARCA,CAJAMARCA,CHETILLA,45.12871337
PROTECCION,PASCO,DANIEL ALCIDES CARRION,TAPUC,1094.567214
AGRICOLA,CAJAMARCA,CAJAMARCA,ASUNCION,49.04990435
PECUARIO,JUNIN,JAUJA,HUARIPAMPA,839.9727211
FORESTAL PRODUCTIVO,SAN MARTIN,LAMAS,CUÑUMBUQUI,18110.62219
AGRICOLA,SAN MARTIN,SAN MARTIN,MORALES,731.1070855
PECUARIO,JUNIN,CHANCHAMAYO,PERENE,2.45022E-10
AGRICOLA,HUANUCO,PUERTO INCA,CODO DEL POZUZO,142823.6196
FORESTAL PRODUCTIVO,ANCASH,HUARAZ,HUARAZ,11026.62425
AGRICOLA,MADRE DE DIOS,MANU,MADRE DE DIOS,140554.4261
PROTECCION,PASCO,OXAPAMPA,VILLA RICA,55419.52065
FORESTAL PRODUCTIVO,SAN MARTIN,PICOTA,PICOTA,19337.39664
OTROS / SIN CLASIFICAR,HUANUCO,HUACAYBAMBA,COCHABAMBA,0.476001136
PECUARIO,JUNIN,SATIPO,PAMPA HERMOSA,2951.439071
FORESTAL PRODUCTIVO,CAJAMARCA,CHOTA,LLAMA,8736.691226
PECUARIO,JUNIN,JAUJA,YAUYOS,427.7414818
FORESTAL PRODUCTIVO,SAN MARTIN,LAMAS,ZAPATERO,17404.94161
AGRICOLA,CAJAMARCA,JAEN,SAN JOSE DEL ALTO,14550.00038
AGRICOLA,ANCASH,OCROS,COCHAS,7244.383557
FORESTAL PRODUCTIVO,HUANUCO,PUERTO INCA,CODO DEL POZUZO,143575.1825
AGRICOLA,ANCASH,HUARMEY,COCHAPETI,2231.365584
OTROS / SIN CLASIFICAR,JUNIN,CHANCHAMAYO,SAN LUIS DE SHUARO,49.37093329
PROTECCION,JUNIN,CONCEPCION,MITO,980.1511095
FORESTAL PRODUCTIVO,ANCASH,CARLOS FERMIN FITZCARRALD,YAUYA,3939.278901
AGRICOLA,JUNIN,JAUJA,LEONOR ORDOÑEZ,403.0756125
PROTECCION,ANCASH,AIJA,SUCCHA,7186.438746
PECUARIO,CAJAMARCA,SAN PABLO,SAN BERNARDINO,133.2847403
PROTECCION,SAN MARTIN,LAMAS,BARRANQUITA,24952.73223
PROTECCION,CAJAMARCA,CUTERVO,SANTA CRUZ,1351.726796
FORESTAL PRODUCTIVO,ANCASH,HUARI,SAN PEDRO DE CHANA,12532.80665
AGRICOLA,SAN MARTIN,LAMAS,RUMISAPA,4.706358425
FORESTAL PRODUCTIVO,SAN MARTIN,MOYOBAMBA,JEPELACIO,38265.83361
AGRICOLA,CAJAMARCA,CUTERVO,CUTERVO,12668.95378
PROTECCION,CAJAMARCA,SAN PABLO,TUMBADEN,2688.812019
PROTECCION,CAJAMARCA,HUALGAYOC,HUALGAYOC,3827.053555
OTROS / SIN CLASIFICAR,HUANUCO,MARAÑON,SAN BUENAVENTURA,28.01452829
PECUARIO,PASCO,PASCO,PAUCARTAMBO,6919.67038
FORESTAL PRODUCTIVO,HUANUCO,MARAÑON,HUACRACHUCO,9828.391403
PROTECCION,CAJAMARCA,JAEN,JAEN,30562.30576
PROTECCION,JUNIN,YAULI,SANTA ROSA DE SACCO,6546.278545
PROTECCION,MADRE DE DIOS,TAMBOPATA,TAMBOPATA,895174.9316
PROTECCION,ANCASH,ASUNCION,CHACAS,39877.7326
OTROS / SIN CLASIFICAR,HUANUCO,HUANUCO,CHINCHAO,88.42650674
FORESTAL PRODUCTIVO,HUANUCO,LEONCIO PRADO,RUPA-RUPA,11465.11834
PROTECCION,JUNIN,CONCEPCION,HEROINAS TOLEDO,61.98867158
PROTECCION,SAN MARTIN,BELLAVISTA,BELLAVISTA,79.15834764
FORESTAL PRODUCTIVO,ANCASH,CARHUAZ,SHILLA,456.033844
PROTECCION,ANCASH,MARISCAL LUZURIAGA,ELEAZAR GUZMAN BARRON,9589.524917
AGRICOLA,ANCASH,HUAYLAS,HUATA,1033.190594
AGRICOLA,MADRE DE DIOS,MANU,MANU,49078.67028
AGRICOLA,CAJAMARCA,CAJAMARCA,JESUS,5933.133622
PECUARIO,JUNIN,HUANCAYO,HUACRAPUQUIO,611.0582391
PROTECCION,JUNIN,JUNIN,ULCUMAYO,86131.55465
FORESTAL PRODUCTIVO,SAN MARTIN,MOYOBAMBA,HABANA,6798.137128
AGRICOLA,PASCO,OXAPAMPA,CHONTABAMBA,5775.293396
AGRICOLA,ANCASH,HUARMEY,CULEBRAS,3324.675648
FORESTAL PRODUCTIVO,ANCASH,HUARI,ANRA,5086.205838
OTROS / SIN CLASIFICAR,HUANUCO,HUANUCO,PILLCO MARCA,436.4491067
PROTECCION,CAJAMARCA,SAN MIGUEL,BOLIVAR,6063.246731
FORESTAL PRODUCTIVO,HUANUCO,HUANUCO,SAN FRANCISCO DE CAYRAN,3656.531055
OTROS / SIN CLASIFICAR,JUNIN,HUANCAYO,SAÑO,19.4868735
OTROS / SIN CLASIFICAR,JUNIN,JAUJA,SAUSA,22.40042981
PROTECCION,JUNIN,YAULI,SUITUCANCHA,10700.92651
PECUARIO,ANCASH,RECUAY,CATAC,41679.94545
FORESTAL PRODUCTIVO,HUANUCO,HUACAYBAMBA,PINRA,1.701218824
PROTECCION,JUNIN,CHUPACA,SAN JUAN DE JARPA,1098.048587
OTROS / SIN CLASIFICAR,JUNIN,YAULI,PACCHA,155.181276
PROTECCION,CAJAMARCA,SAN MIGUEL,CATILLUC,34.07670707
PECUARIO,JUNIN,HUANCAYO,HUALHUAS,171.5694484
PROTECCION,MADRE DE DIOS,TAHUAMANU,TAHUAMANU,84.60624086
PROTECCION,ANCASH,OCROS,OCROS,20807.1566
PECUARIO,HUANUCO,PUERTO INCA,YUYAPICHIS,0.000997255
PROTECCION,CAJAMARCA,HUALGAYOC,CHUGUR,8438.997681
PROTECCION,HUANUCO,HUANUCO,PILLCO MARCA,3235.423341
FORESTAL PRODUCTIVO,CAJAMARCA,SANTA CRUZ,UTICYACU,4312.448311
PROTECCION,ANCASH,MARISCAL LUZURIAGA,FIDEL OLIVAS ESCUDERO,12930.44246
PECUARIO,HUANUCO,HUANUCO,HUANUCO,4163.19758
PECUARIO,CAJAMARCA,JAEN,SALLIQUE,1220.791452
PROTECCION,HUANUCO,HUACAYBAMBA,PINRA,5130.896661
PROTECCION,MADRE DE DIOS,TAMBOPATA,INAMBARI,217843.3579
PECUARIO,PASCO,PASCO,SIMON BOLIVAR,30959.84716
FORESTAL PRODUCTIVO,JUNIN,SATIPO,PANGOA,63590.4481
AGRICOLA,ANCASH,YUNGAY,RANRAHIRCA,602.6713827
FORESTAL PRODUCTIVO,JUNIN,CHANCHAMAYO,SAN LUIS DE SHUARO,3.73623E-06
PROTECCION,HUANUCO,HUACAYBAMBA,COCHABAMBA,35695.35745
PROTECCION,JUNIN,JAUJA,CANCHAYLLO,81595.46478
PECUARIO,CAJAMARCA,SAN MIGUEL,NIEPOS,4251.789484
PROTECCION,ANCASH,SANTA,COISHCO,840.8610201
AGRICOLA,JUNIN,HUANCAYO,SAN JERONIMO DE TUNAN,2023.709179
AGRICOLA,SAN MARTIN,EL DORADO,SAN JOSE DE SISA,400.4794537
FORESTAL PRODUCTIVO,HUANUCO,PACHITEA,PANAO,38483.70199
PROTECCION,PASCO,PASCO,TICLACAYAN,67424.60385
PECUARIO,CAJAMARCA,SANTA CRUZ,CATACHE,18968.51722
OTROS / SIN CLASIFICAR,JUNIN,HUANCAYO,CHUPURO,16.9890677
OTROS / SIN CLASIFICAR,JUNIN,SATIPO,RIO NEGRO,231.7989286
AGRICOLA,ANCASH,SIHUAS,SIHUAS,3503.708605
PECUARIO,MADRE DE DIOS,MANU,HUEPETUHE,2958.140324
PROTECCION,ANCASH,RECUAY,CATAC,58419.85057
FORESTAL PRODUCTIVO,SAN MARTIN,SAN MARTIN,CHAZUTA,52022.41607
PECUARIO,JUNIN,CONCEPCION,MITO,104.4658779
PECUARIO,JUNIN,HUANCAYO,QUICHUAY,2160.853236
OTROS / SIN CLASIFICAR,JUNIN,JAUJA,SINCOS,98.60126649
PROTECCION,JUNIN,CHUPACA,YANACANCHA,4545.361928
FORESTAL PRODUCTIVO,CAJAMARCA,SAN MARCOS,JOSE SABOGAL,3143.918285
PECUARIO,CAJAMARCA,CUTERVO,SAN ANDRES DE CUTERVO,3450.819567
AGRICOLA,SAN MARTIN,MARISCAL CACERES,HUICUNGO,835.8304435
FORESTAL PRODUCTIVO,JUNIN,JAUJA,MONOBAMBA,3483.018255
PROTECCION,SAN MARTIN,MOYOBAMBA,MOYOBAMBA,53122.72377
OTROS / SIN CLASIFICAR,JUNIN,YAULI,SANTA BARBARA DE CARHUACAYAN,67.77066516
FORESTAL PRODUCTIVO,ANCASH,HUARI,HUACACHI,8382.267635
FORESTAL PRODUCTIVO,CAJAMARCA,SAN MIGUEL,SAN MIGUEL,15952.12319
FORESTAL PRODUCTIVO,SAN MARTIN,MARISCAL CACERES,PACHIZA,124919.9632
PECUARIO,ANCASH,RECUAY,PAMPAS CHICO,69.05334345
PECUARIO,JUNIN,HUANCAYO,CHICCHE,4147.383781
PROTECCION,CAJAMARCA,CUTERVO,LA RAMADA,60.01309148
FORESTAL PRODUCTIVO,CAJAMARCA,CAJABAMBA,CACHACHI,15236.78651
OTROS / SIN CLASIFICAR,HUANUCO,HUANUCO,HUANUCO,621.5283247
PECUARIO,CAJAMARCA,SAN MARCOS,PEDRO GALVEZ,6019.564058
AGRICOLA,CAJAMARCA,SAN MIGUEL,EL PRADO,7.201672491
PROTECCION,ANCASH,OCROS,CAJAMARQUILLA,7850.819109
PROTECCION,JUNIN,HUANCAYO,CHONGOS ALTO,15716.72491
PROTECCION,ANCASH,RECUAY,TAPACOCHA,7749.472653
PROTECCION,CAJAMARCA,CAJAMARCA,SAN JUAN,72.15027162
AGRICOLA,ANCASH,OCROS,SAN PEDRO,1890.657051
PROTECCION,JUNIN,YAULI,SANTA BARBARA DE CARHUACAYAN,9046.605997
FORESTAL PRODUCTIVO,ANCASH,YUNGAY,YANAMA,9753.248373
FORESTAL PRODUCTIVO,HUANUCO,PACHITEA,CHAGLLA,58315.24492
PROTECCION,SAN MARTIN,TOCACHE,NUEVO PROGRESO,384.6795668
PECUARIO,JUNIN,CHUPACA,CHUPACA,169.991585
PECUARIO,JUNIN,JAUJA,CURICACA,921.8624446
PROTECCION,SAN MARTIN,MARISCAL CACERES,JUANJUI,571.1862281
AGRICOLA,HUANUCO,HUANUCO,YARUMAYO,175.4253321
FORESTAL PRODUCTIVO,CAJAMARCA,CELENDIN,UTCO,110.2182208
AGRICOLA,ANCASH,POMABAMBA,POMABAMBA,367.5796065
AGRICOLA,CAJAMARCA,SANTA CRUZ,SEXI,363.0772357
PECUARIO,JUNIN,TARMA,HUASAHUASI,6446.470328
PECUARIO,JUNIN,JAUJA,MARCO,722.826928
PECUARIO,HUANUCO,LAURICOCHA,JESUS,73.12633177
AGRICOLA,HUANUCO,HUANUCO,MARGOS,1500.42509
AGRICOLA,HUANUCO,HUANUCO,PILLCO MARCA,1612.7344
AGRICOLA,JUNIN,CONCEPCION,MATAHUASI,2129.493095
PROTECCION,ANCASH,CARLOS FERMIN FITZCARRALD,YAUYA,13514.30685
PROTECCION,ANCASH,HUARAZ,COLCABAMBA,4954.525799
AGRICOLA,JUNIN,TARMA,SAN PEDRO DE CAJAS,82.10297365
PROTECCION,ANCASH,PALLASCA,PALLASCA,525.4962867
PECUARIO,JUNIN,JAUJA,LLOCLLAPAMPA,3501.782993
AGRICOLA,ANCASH,HUARAZ,PARIACOTO,443.6453997
FORESTAL PRODUCTIVO,CAJAMARCA,SANTA CRUZ,YAUYUCAN,3365.553756
PECUARIO,CAJAMARCA,CHOTA,CHIGUIRIP,1416.619162
PROTECCION,CAJAMARCA,CUTERVO,SAN JUAN DE CUTERVO,1875.051179
PECUARIO,JUNIN,HUANCAYO,PARIAHUANCA,2689.956591
AGRICOLA,CAJAMARCA,CHOTA,ANGUIA,2043.37192
PROTECCION,ANCASH,BOLOGNESI,AQUIA,43682.89811
PROTECCION,JUNIN,TARMA,HUARICOLCA,5684.621511
AGRICOLA,ANCASH,HUARAZ,PIRA,4386.037362
FORESTAL PRODUCTIVO,SAN MARTIN,LAMAS,PINTO RECODO,32469.23812
PROTECCION,ANCASH,PALLASCA,HUANDOVAL,6527.58925
PROTECCION,ANCASH,CARHUAZ,YUNGAR,2575.17768
AGRICOLA,CAJAMARCA,CHOTA,CHADIN,47.21411024
PECUARIO,JUNIN,HUANCAYO,COLCA,4175.864569
PROTECCION,JUNIN,HUANCAYO,HUACRAPUQUIO,1195.087485
AGRICOLA,CAJAMARCA,SAN MIGUEL,NIEPOS,78.57756304
PROTECCION,ANCASH,OCROS,CONGAS,8034.16533
FORESTAL PRODUCTIVO,ANCASH,RECUAY,MARCA,414.5098568
AGRICOLA,JUNIN,JUNIN,JUNIN,467.7101378
FORESTAL PRODUCTIVO,SAN MARTIN,SAN MARTIN,CHIPURANA,27403.25917
PECUARIO,CAJAMARCA,SANTA CRUZ,CHANCAYBAÑOS,154.1161248
AGRICOLA,CAJAMARCA,HUALGAYOC,BAMBAMARCA,10935.79302
FORESTAL PRODUCTIVO,SAN MARTIN,SAN MARTIN,JUAN GUERRA,18517.98493
PROTECCION,CAJAMARCA,CAJAMARCA,MATARA,355.0965039
PROTECCION,ANCASH,SIHUAS,HUAYLLABAMBA,20099.60145
FORESTAL PRODUCTIVO,PASCO,OXAPAMPA,PUERTO BERMUDEZ,106567.5227
AGRICOLA,ANCASH,SIHUAS,CASHAPAMPA,6084.602433
FORESTAL PRODUCTIVO,ANCASH,CARLOS FERMIN FITZCARRALD,SAN LUIS,9198.463143
PROTECCION,ANCASH,HUARAZ,OLLEROS,20538.26555
FORESTAL PRODUCTIVO,HUANUCO,AMBO,CONCHAMARCA,10.88418196
PECUARIO,JUNIN,HUANCAYO,QUILCAS,11457.10556
PECUARIO,HUANUCO,HUACAYBAMBA,CANCHABAMBA,135.7840561
FORESTAL PRODUCTIVO,MADRE DE DIOS,MANU,FITZCARRALD,129353.3764
OTROS / SIN CLASIFICAR,HUANUCO,HUANUCO,SAN PABLO DE PILLAO,16.49427094
PROTECCION,ANCASH,HUAYLAS,PUEBLO LIBRE,11638.32882
AGRICOLA,CAJAMARCA,JAEN,BELLAVISTA,40869.43591
PROTECCION,JUNIN,YAULI,PACCHA,27757.05123
PROTECCION,SAN MARTIN,PICOTA,BUENOS AIRES,74.16025149
FORESTAL PRODUCTIVO,SAN MARTIN,TOCACHE,NUEVO PROGRESO,80200.07852
FORESTAL PRODUCTIVO,SAN MARTIN,MOYOBAMBA,MOYOBAMBA,210579.2768
AGRICOLA,ANCASH,SANTA,NUEVO CHIMBOTE,7812.59367
AGRICOLA,CAJAMARCA,SAN MIGUEL,TONGOD,8.636866693
AGRICOLA,JUNIN,JAUJA,JULCAN,636.1852086
AGRICOLA,ANCASH,AIJA,AIJA,2943.283347
PECUARIO,CAJAMARCA,JAEN,CHONTALI,1324.576889
AGRICOLA,ANCASH,YUNGAY,CASCAPARA,73.9200149
FORESTAL PRODUCTIVO,HUANUCO,PUERTO INCA,HONORIA,2947.07671
PROTECCION,HUANUCO,PACHITEA,PANAO,56917.91838
AGRICOLA,JUNIN,CONCEPCION,MANZANARES,296.2526909
FORESTAL PRODUCTIVO,SAN MARTIN,SAN MARTIN,PAPAPLAYA,96818.6726
FORESTAL PRODUCTIVO,HUANUCO,YAROWILCA,JACAS CHICO,13.49842824
PROTECCION,ANCASH,YUNGAY,CASCAPARA,13619.42136
AGRICOLA,CAJAMARCA,CAJAMARCA,MAGDALENA,762.6867181
OTROS / SIN CLASIFICAR,JUNIN,HUANCAYO,HUANCAN,37.96840097
PROTECCION,HUANUCO,HUANUCO,SAN PEDRO DE CHAULAN,4559.719799
PECUARIO,HUANUCO,MARAÑON,SANTA ROSA DE ALTO YANAJANCA,4.97253E-05
PROTECCION,SAN MARTIN,LAMAS,PINTO RECODO,23405.05721
FORESTAL PRODUCTIVO,PASCO,PASCO,SAN FRANCISCO DE ASIS DE YARUSYACAN,3064.99073
PECUARIO,JUNIN,JAUJA,MUQUI,121.7764146
FORESTAL PRODUCTIVO,PASCO,DANIEL ALCIDES CARRION,VILCABAMBA,1065.644184
PECUARIO,CAJAMARCA,SAN MARCOS,JOSE SABOGAL,16962.95195
PECUARIO,JUNIN,HUANCAYO,HUAYUCACHI,293.9978309
PECUARIO,PASCO,OXAPAMPA,VILLA RICA,3027.089105
PECUARIO,CAJAMARCA,SANTA CRUZ,SANTA CRUZ,108.6509393
PROTECCION,JUNIN,JAUJA,MUQUIYAUYO,328.3186506
PECUARIO,PASCO,DANIEL ALCIDES CARRION,GOYLLARISQUIZGA,898.3613162
AGRICOLA,JUNIN,JAUJA,YAUYOS,1469.670358
PROTECCION,SAN MARTIN,EL DORADO,AGUA BLANCA,54.24663533
PECUARIO,JUNIN,JAUJA,RICRAN,11219.1003
PECUARIO,HUANUCO,HUANUCO,CHINCHAO,7803.570116
AGRICOLA,ANCASH,HUARMEY,HUAYAN,905.1296966
FORESTAL PRODUCTIVO,HUANUCO,HUANUCO,PILLCO MARCA,1179.456479
PROTECCION,SAN MARTIN,HUALLAGA,TINGO DE SAPOSOA,20.82619266
FORESTAL PRODUCTIVO,HUANUCO,PACHITEA,UMARI,1003.293677
OTROS / SIN CLASIFICAR,JUNIN,HUANCAYO,PILCOMAYO,55.16566826
AGRICOLA,SAN MARTIN,SAN MARTIN,EL PORVENIR,1302.327751
PROTECCION,CAJAMARCA,CHOTA,LAJAS,449.0728123
PROTECCION,JUNIN,HUANCAYO,HUANCAYO,14589.32294
AGRICOLA,SAN MARTIN,HUALLAGA,ALTO SAPOSOA,87.82668067
PECUARIO,PASCO,OXAPAMPA,POZUZO,21.42179255
AGRICOLA,CAJAMARCA,JAEN,PUCARA,1283.94117
AGRICOLA,JUNIN,JAUJA,PACCHA,693.0972398
OTROS / SIN CLASIFICAR,HUANUCO,PUERTO INCA,HONORIA,1968.199513
PECUARIO,CAJAMARCA,CAJABAMBA,CONDEBAMBA,2621.726427
OTROS / SIN CLASIFICAR,JUNIN,HUANCAYO,HUACRAPUQUIO,0.126475296
FORESTAL PRODUCTIVO,ANCASH,BOLOGNESI,SAN MIGUEL DE CORPANQUI,83.00933904
FORESTAL PRODUCTIVO,CAJAMARCA,SAN MIGUEL,CATILLUC,5994.077963
PECUARIO,HUANUCO,YAROWILCA,CHORAS,13.21334143
AGRICOLA,ANCASH,RECUAY,COTAPARACO,2346.701678
OTROS / SIN CLASIFICAR,HUANUCO,LEONCIO PRADO,MARIANO DAMASO BERAUN,407.2171514
PROTECCION,CAJAMARCA,CUTERVO,SAN ANDRES DE CUTERVO,3362.888201
PROTECCION,HUANUCO,AMBO,CONCHAMARCA,1206.131439
PROTECCION,ANCASH,SIHUAS,SICSIBAMBA,1330.894465
FORESTAL PRODUCTIVO,CAJAMARCA,CONTUMAZA,YONAN,23707.61685
FORESTAL PRODUCTIVO,CAJAMARCA,CELENDIN,HUASMIN,6927.284685
FORESTAL PRODUCTIVO,HUANUCO,LEONCIO PRADO,PUCAYACU,23923.86791
PROTECCION,ANCASH,CORONGO,BAMBAS,15041.0722
AGRICOLA,JUNIN,CHUPACA,AHUAC,1687.017904
PECUARIO,CAJAMARCA,CUTERVO,TORIBIO CASANOVA,3421.81797
FORESTAL PRODUCTIVO,CAJAMARCA,SAN MIGUEL,LLAPA,2135.102619
